round,family,symbol,scenario,n_seeds,mean_total_return,mean_sharpe,median_sharpe,n_seeds_positive,n_seeds_ci_excludes_zero,n_seeds_beat_bh,majority_required,majority_positive,majority_beats_bh,bh_total_return
R3,BTC_ETH_confirmation,BTCUSDT,taker_4_1,10,-0.5985165269728591,-0.5044514948692568,-0.5486058697854144,1,0,0,6,False,False,0.522747844787544
R3,BTC_ETH_confirmation,BTCUSDT,maker_2_1,10,-0.5052407701151583,-0.35888641003575744,-0.39933945774792734,1,0,0,6,False,False,0.5230520209126748
R3,BTC_ETH_confirmation,BTCUSDT,no_fees,10,-0.32195913473877547,-0.14038828718137183,-0.17529692808311215,1,0,1,6,False,False,0.5235082851004165
R3,BTC_ETH_confirmation,BTCUSDT,gross,10,-0.2721218483963911,-0.09376632994861314,-0.12344414425451926,1,0,0,6,False,False,1.0065896149726061
R3,BTC_ETH_confirmation,ETHUSDT,taker_4_1,10,-0.6986511002694403,-0.4401094790131948,-0.29766293592600607,0,0,0,6,False,False,-0.2190192992677874
R3,BTC_ETH_confirmation,ETHUSDT,maker_2_1,10,-0.6141902423671917,-0.3117393813698517,-0.1748767720964679,0,0,0,6,False,False,-0.21886363421170063
R3,BTC_ETH_confirmation,ETHUSDT,no_fees,10,-0.4401738545442546,-0.11908905705700774,0.009368594055430545,0,0,3,6,False,False,-0.21863013662755293
R3,BTC_ETH_confirmation,ETHUSDT,gross,10,-0.4040285791369128,-0.0885116924474906,0.032979796655954546,2,0,2,6,False,False,0.009306446361522447
R3,breakout,BTCUSDT,taker_4_1,10,-0.16103806359393152,-0.7490723036486808,-0.7308026909947924,0,0,0,6,False,False,0.522747844787544
R3,breakout,BTCUSDT,maker_2_1,10,-0.1040012532840225,-0.46320914640124417,-0.43800258364461475,0,0,0,6,False,False,0.5230520209126748
R3,breakout,BTCUSDT,no_fees,10,-0.011029190343131556,-0.03249756297799378,0.006996133712959342,2,0,0,6,False,False,0.5235082851004165
R3,breakout,BTCUSDT,gross,10,-0.011095668734092156,-0.03273506904393851,0.009471534438330745,2,0,0,6,False,False,1.0065896149726061
R3,breakout,ETHUSDT,taker_4_1,10,-0.2613426444271821,-1.06638915287335,-1.0545238570959896,0,0,0,6,False,False,-0.2190192992677874
R3,breakout,ETHUSDT,maker_2_1,10,-0.19282617789877293,-0.7456453584857576,-0.7337103288184557,0,0,8,6,False,True,-0.21886363421170063
R3,breakout,ETHUSDT,no_fees,10,-0.07796630820976361,-0.2610687011663087,-0.24902792628823972,0,0,10,6,False,True,-0.21863013662755293
R3,breakout,ETHUSDT,gross,10,-0.07661889887521581,-0.25585114488035765,-0.24406115683192245,0,0,0,6,False,False,0.009306446361522447
S2,flow_price_divergence,BTCUSDT,taker_4_1,3,-0.05171641363842391,-0.23786471097711212,-0.5342047968703739,1,0,0,2,False,False,0.7815749946615533
S2,flow_price_divergence,BTCUSDT,maker_2_1,3,-0.03141753103954777,-0.14140845753778616,-0.43546553632518803,1,0,0,2,False,False,0.7819308727410239
S2,flow_price_divergence,BTCUSDT,no_fees,3,-0.00011118811460956539,0.0036247047958697745,-0.2866440953343048,1,0,0,2,False,False,0.7824646898602525
S2,flow_price_divergence,BTCUSDT,gross,3,-0.0007766828092314141,0.0015469551977734624,-0.29127983761095827,1,0,0,2,False,False,1.3159229603169278
S2,flow_price_divergence,ETHUSDT,taker_4_1,3,-0.08698025771850615,-0.35186629506130407,-0.3068578295770773,0,0,0,2,False,False,0.7044810258855423
S2,flow_price_divergence,ETHUSDT,maker_2_1,3,-0.0696317596381512,-0.2723191606403423,-0.2285452557395091,0,0,0,2,False,False,0.704822857156846
S2,flow_price_divergence,ETHUSDT,no_fees,3,-0.0429837000447999,-0.15270869019955177,-0.11100263803899554,0,0,0,2,False,False,0.7053356040638559
S2,flow_price_divergence,ETHUSDT,gross,3,-0.04536150179805828,-0.16233193601744228,-0.12558792527007706,0,0,0,2,False,False,1.10990798936791
R3,funding,BTCUSDT,taker_4_1,10,-0.4053663264266544,-0.26745369056968754,-0.26885384310592225,0,0,0,6,False,False,0.522747844787544
R3,funding,BTCUSDT,maker_2_1,10,-0.3552209425013643,-0.20145732866912347,-0.2126745983051188,0,0,0,6,False,False,0.5230520209126748
R3,funding,BTCUSDT,no_fees,10,-0.271789955868737,-0.10242670567332698,-0.12346074652044275,0,0,0,6,False,False,0.5235082851004165
R3,funding,BTCUSDT,gross,10,-0.26254598089552056,-0.09189907389739763,-0.1177412516553064,0,0,0,6,False,False,1.0065896149726061
R3,funding,ETHUSDT,taker_4_1,10,-0.47128839674492734,-0.2871174614003983,-0.31523602254726624,1,0,1,6,False,False,-0.2190192992677874
R3,funding,ETHUSDT,maker_2_1,10,-0.4119220569459422,-0.22175735698102636,-0.25428614977850916,1,0,2,6,False,False,-0.21886363421170063
R3,funding,ETHUSDT,no_fees,10,-0.3099805565510133,-0.1236941688401969,-0.1628367131735386,1,0,3,6,False,False,-0.21863013662755293
R3,funding,ETHUSDT,gross,10,-0.28690215440602496,-0.10256119882947434,-0.13082774362280739,1,0,1,6,False,False,0.009306446361522447
S1,funding_reversal,BTCUSDT,taker_4_1,1,-0.383293830951394,-0.3246481159678953,-0.3246481159678953,0,0,0,1,False,False,0.522747844787544
S1,funding_reversal,BTCUSDT,maker_2_1,1,-0.31417635147817224,-0.22244851291787449,-0.22244851291787449,0,0,0,1,False,False,0.5230520209126748
S1,funding_reversal,BTCUSDT,no_fees,1,-0.19574205927244648,-0.06910652142629066,-0.06910652142629066,0,0,0,1,False,False,0.5235082851004165
S1,funding_reversal,BTCUSDT,gross,1,-0.20798303643520044,-0.08392726652084184,-0.08392726652084184,0,0,0,1,False,False,1.0065896149726061
S2,illiquidity_reversion,BTCUSDT,taker_4_1,3,-0.3794645071245344,-0.974492071393795,-0.8571758840764097,0,0,0,2,False,False,0.522747844787544
S2,illiquidity_reversion,BTCUSDT,maker_2_1,3,-0.31676251698470814,-0.7699487915088904,-0.6316192766015284,0,0,0,2,False,False,0.5230520209126748
S2,illiquidity_reversion,BTCUSDT,no_fees,3,-0.21065601547625898,-0.4623076914937447,-0.292210175301215,0,0,0,2,False,False,0.5235082851004165
S2,illiquidity_reversion,BTCUSDT,gross,3,-0.21150311658493248,-0.4648227729535894,-0.3008442014785276,0,0,0,2,False,False,1.0065896149726061
S2,illiquidity_reversion,ETHUSDT,taker_4_1,3,-0.5649536424992333,-1.1818262129820158,-1.1529346500362272,0,0,0,2,False,False,-0.2190192992677874
S2,illiquidity_reversion,ETHUSDT,maker_2_1,3,-0.5229768445067476,-1.0415925044678642,-0.9972650055619101,0,0,0,2,False,False,-0.21886363421170063
S2,illiquidity_reversion,ETHUSDT,no_fees,3,-0.45224433416977927,-0.8306908521966089,-0.7631719651995149,0,0,0,2,False,False,-0.21863013662755293
S2,illiquidity_reversion,ETHUSDT,gross,3,-0.4559897203656897,-0.8417442577646076,-0.7742375388835784,0,0,0,2,False,False,0.009306446361522447
S1,intraday_seasonality,BTCUSDT,taker_4_1,1,-0.42017488150678006,-0.7451309101821212,-0.7451309101821212,0,0,0,1,False,False,0.522747844787544
S1,intraday_seasonality,BTCUSDT,maker_2_1,1,-0.23472164191571265,-0.32117810772728167,-0.32117810772728167,0,0,0,1,False,False,0.5230520209126748
S1,intraday_seasonality,BTCUSDT,no_fees,1,0.1602667272259688,0.31593340996537544,0.31593340996537544,1,0,0,1,True,False,0.5235082851004165
S1,intraday_seasonality,BTCUSDT,gross,1,0.17505678818120574,0.33533781695092474,0.33533781695092474,1,0,0,1,True,False,1.0065896149726061
R3,mean_reversion,BTCUSDT,taker_4_1,10,-0.608941659086004,-0.5823541371897438,-0.5005010494241832,0,0,0,6,False,False,0.522747844787544
R3,mean_reversion,BTCUSDT,maker_2_1,10,-0.5656837807124904,-0.5052964491401306,-0.43506422793973454,0,0,0,6,False,False,0.5230520209126748
R3,mean_reversion,BTCUSDT,no_fees,10,-0.49120620114705565,-0.38964084571318147,-0.3368566509821266,0,0,0,6,False,False,0.5235082851004165
R3,mean_reversion,BTCUSDT,gross,10,-0.49228381366494584,-0.3936333960149864,-0.35407943183886603,0,0,0,6,False,False,1.0065896149726061
R3,mean_reversion,ETHUSDT,taker_4_1,10,-0.7987229889360047,-0.8631767655061839,-0.8932117142699131,0,0,0,6,False,False,-0.2190192992677874
R3,mean_reversion,ETHUSDT,maker_2_1,10,-0.7766418899360554,-0.7960186398345561,-0.830280913634375,0,0,0,6,False,False,-0.21886363421170063
R3,mean_reversion,ETHUSDT,no_fees,10,-0.7387320548729409,-0.695220200838081,-0.7309983657568178,0,0,0,6,False,False,-0.21863013662755293
R3,mean_reversion,ETHUSDT,gross,10,-0.7367180159825784,-0.692295120122816,-0.7212502462909078,0,0,0,6,False,False,0.009306446361522447
R2,momentum,BTCUSDT,taker_4_1,10,-0.3224591142946583,-0.2214052172633028,-0.23661976702547954,0,0,0,6,False,False,0.522747844787544
R2,momentum,BTCUSDT,maker_2_1,10,-0.23489094794227466,-0.1135689650021621,-0.13110132228334812,0,0,0,6,False,False,0.5230520209126748
R2,momentum,BTCUSDT,no_fees,10,-0.08181286083760794,0.04826689358010274,0.02726304920098639,4,0,0,6,False,False,0.5235082851004165
R2,momentum,BTCUSDT,gross,10,-0.022709711228654117,0.10279122171170163,0.08295323214312958,4,0,0,6,False,False,1.0065896149726061
R2,momentum,ETHUSDT,taker_4_1,10,-0.47446151930894465,-0.32720957621327085,-0.3208335697249147,0,0,0,6,False,False,-0.2190192992677874
R2,momentum,ETHUSDT,maker_2_1,10,-0.4242066635814206,-0.2576579656793349,-0.25198204242223354,0,0,0,6,False,False,-0.21886363421170063
R2,momentum,ETHUSDT,no_fees,10,-0.339643899169809,-0.15330272928459454,-0.14868487801607455,0,0,2,6,False,False,-0.21863013662755293
R2,momentum,ETHUSDT,gross,10,-0.2863776369670694,-0.09427129855229248,-0.09071315866288843,0,0,0,6,False,False,0.009306446361522447
S1,mtf_trend_consensus,BTCUSDT,taker_4_1,1,-0.678255543402934,-0.513869707366042,-0.513869707366042,0,0,0,1,False,False,0.522747844787544
S1,mtf_trend_consensus,BTCUSDT,maker_2_1,1,-0.48840168414544927,-0.21756414710930688,-0.21756414710930688,0,0,0,1,False,False,0.5230520209126748
S1,mtf_trend_consensus,BTCUSDT,no_fees,1,0.025454708881457844,0.22740513528703699,0.22740513528703699,1,0,0,1,True,False,0.5235082851004165
S1,mtf_trend_consensus,BTCUSDT,gross,1,0.1012550039462965,0.27305252494467214,0.27305252494467214,1,0,0,1,True,False,1.0065896149726061
S2,taker_flow_extreme,BTCUSDT,taker_4_1,3,0.016122165752564383,0.01980223600159055,-0.14736281942307541,1,0,0,2,False,False,0.522747844787544
S2,taker_flow_extreme,BTCUSDT,maker_2_1,3,0.11518794463291342,0.21893641198759997,0.0632804896111421,2,0,0,2,True,False,0.5230520209126748
S2,taker_flow_extreme,BTCUSDT,no_fees,3,0.2824381745911186,0.5177607412724002,0.3795922098990734,3,1,1,2,True,False,0.5235082851004165
S2,taker_flow_extreme,BTCUSDT,gross,3,0.2944625270400109,0.536383812454643,0.3949869871582065,3,1,0,2,True,False,1.0065896149726061
S2,taker_flow_extreme,ETHUSDT,taker_4_1,3,0.015145304396752324,0.07572389655257988,-0.1451564251200661,1,0,3,2,False,True,-0.2190192992677874
S2,taker_flow_extreme,ETHUSDT,maker_2_1,3,0.09606346849872682,0.20451748970308062,-0.0022741976270813946,1,0,3,2,False,True,-0.21886363421170063
S2,taker_flow_extreme,ETHUSDT,no_fees,3,0.2310963129946438,0.39772908694294534,0.21204423189262472,3,0,3,2,True,True,-0.21863013662755293
S2,taker_flow_extreme,ETHUSDT,gross,3,0.2248710696090288,0.3896325295071745,0.20547014132434738,3,0,2,2,True,True,0.009306446361522447
R3,volatility_breakout,BTCUSDT,taker_4_1,10,0.10936092935311645,0.11623004565835357,0.21537605004200377,6,0,2,6,True,False,0.522747844787544
R3,volatility_breakout,BTCUSDT,maker_2_1,10,0.17475314653577148,0.16361401814707033,0.2624298592018458,6,0,2,6,True,False,0.5230520209126748
R3,volatility_breakout,BTCUSDT,no_fees,10,0.2803554739464397,0.23468423255586188,0.33300230397970787,7,1,2,6,True,False,0.5235082851004165
R3,volatility_breakout,BTCUSDT,gross,10,0.34051262351295686,0.2733368259957671,0.3774412255435091,7,1,2,6,True,False,1.0065896149726061
R3,volatility_breakout,ETHUSDT,taker_4_1,10,-0.5751303721913539,-0.48609365580702574,-0.6623581493750325,1,0,1,6,False,False,-0.2190192992677874
R3,volatility_breakout,ETHUSDT,maker_2_1,10,-0.5470173777422813,-0.4431853089600062,-0.6203978084417983,1,0,1,6,False,False,-0.21886363421170063
R3,volatility_breakout,ETHUSDT,no_fees,10,-0.5013233754182652,-0.3788103972258499,-0.5574274955971741,1,0,1,6,False,False,-0.21863013662755293
R3,volatility_breakout,ETHUSDT,gross,10,-0.4772515671988957,-0.34928815666260327,-0.5363641352536281,1,0,1,6,False,False,0.009306446361522447
S1,xasset_spread_reversion,BTCUSDT,taker_4_1,1,-0.8397728041122541,-1.259145840209301,-1.259145840209301,0,0,0,1,False,False,0.522747844787544
S1,xasset_spread_reversion,BTCUSDT,maker_2_1,1,-0.7916233870402849,-1.0540568181759402,-1.0540568181759402,0,0,0,1,False,False,0.5230520209126748
S1,xasset_spread_reversion,BTCUSDT,no_fees,1,-0.6909920422617062,-0.7460072382773489,-0.7460072382773489,0,0,0,1,False,False,0.5235082851004165
S1,xasset_spread_reversion,BTCUSDT,gross,1,-0.6796217127350901,-0.7178981919612429,-0.7178981919612429,0,0,0,1,False,False,1.0065896149726061
