round,family,symbol,seed,engine,budget_per_fold,n_folds,unique_evaluations,oos_bars,compounded_oos_return,median_fold_test_sharpe,folds_positive_return,folds_with_trades,total_test_trades,oos_bootstrap_p_value,mechanically_viable,run_dir
S2-B (pilot),flow_price_divergence,BTCUSDT,42,genetic_algorithm,25,15,375,30226,-0.06948980187714748,0.0,5,10,72.0,0.8005,true,artifacts/runs/search_flow_price_divergence_20260811T161148Z_1af176
S2-B (pilot),flow_price_divergence,BTCUSDT,42,random_search,25,15,375,30226,-0.16709073719014367,-0.6568396013350634,3,10,118.0,0.9255,true,artifacts/runs/search_flow_price_divergence_20260811T161148Z_1af176
S2-B (pilot),flow_price_divergence,BTCUSDT,43,genetic_algorithm,25,15,375,30226,0.14035722442594856,0.0,5,10,86.0,0.0505,true,artifacts/runs/search_flow_price_divergence_20260811T161158Z_de67de
S2-B (pilot),flow_price_divergence,BTCUSDT,43,random_search,25,15,375,30226,0.1551342809500793,0.060655539156402934,7,12,76.0,0.0975,true,artifacts/runs/search_flow_price_divergence_20260811T161158Z_de67de
S2-B (pilot),flow_price_divergence,BTCUSDT,44,genetic_algorithm,25,15,375,28067,-0.12654728599660603,-0.39641064051059643,4,12,88.0,0.9455,true,artifacts/runs/search_flow_price_divergence_20260811T161209Z_2c98b5
S2-B (pilot),flow_price_divergence,BTCUSDT,44,random_search,25,15,375,30226,-0.14319278467520735,-0.4697131433763564,5,13,134.0,0.8675,true,artifacts/runs/search_flow_price_divergence_20260811T161209Z_2c98b5
S2-B (pilot),flow_price_divergence,ETHUSDT,42,genetic_algorithm,25,15,375,28067,0.029857131806700465,0.0,5,11,87.0,0.3695,true,artifacts/runs/search_flow_price_divergence_20260811T161222Z_1cf9ce
S2-B (pilot),flow_price_divergence,ETHUSDT,42,random_search,25,15,375,23749,-0.09992214504031727,-0.12655630253176742,3,9,78.0,0.7965,true,artifacts/runs/search_flow_price_divergence_20260811T161222Z_1cf9ce
S2-B (pilot),flow_price_divergence,ETHUSDT,43,genetic_algorithm,25,15,375,25908,-0.09977209825933342,-0.2489400966181078,4,11,72.0,0.768,true,artifacts/runs/search_flow_price_divergence_20260811T161232Z_9f71ca
S2-B (pilot),flow_price_divergence,ETHUSDT,43,random_search,25,15,375,28067,-0.06626597636960174,0.0,5,11,94.0,0.6655,true,artifacts/runs/search_flow_price_divergence_20260811T161232Z_9f71ca
S2-B (pilot),flow_price_divergence,ETHUSDT,44,genetic_algorithm,25,15,375,28067,0.0196707869587307,0.0,5,11,112.0,0.3955,true,artifacts/runs/search_flow_price_divergence_20260811T161243Z_0ad5e5
S2-B (pilot),flow_price_divergence,ETHUSDT,44,random_search,25,15,375,25908,-0.09475265174560055,-0.9038103363207521,3,11,110.0,0.69,true,artifacts/runs/search_flow_price_divergence_20260811T161243Z_0ad5e5
S2-B (pilot),illiquidity_reversion,BTCUSDT,42,genetic_algorithm,25,15,375,32385,-0.26791285411579546,-0.6761664923460712,4,14,426.0,0.9125,true,artifacts/runs/search_illiquidity_reversion_20260811T161050Z_195697
S2-B (pilot),illiquidity_reversion,BTCUSDT,42,random_search,25,15,375,32385,-0.48751225954851574,-0.9636670400423365,2,14,471.0,0.9955,true,artifacts/runs/search_illiquidity_reversion_20260811T161050Z_195697
S2-B (pilot),illiquidity_reversion,BTCUSDT,43,genetic_algorithm,25,15,375,32385,-0.36252677929036525,-0.3979538632591077,5,15,319.0,0.984,true,artifacts/runs/search_illiquidity_reversion_20260811T161100Z_ade689
S2-B (pilot),illiquidity_reversion,BTCUSDT,43,random_search,25,15,375,32385,-0.3309362358089879,-0.17299064722373345,6,15,493.0,0.912,true,artifacts/runs/search_illiquidity_reversion_20260811T161100Z_ade689
S2-B (pilot),illiquidity_reversion,BTCUSDT,44,genetic_algorithm,25,15,375,32385,-0.4916841226130384,-1.1367873144099936,2,15,523.0,0.9945,true,artifacts/runs/search_illiquidity_reversion_20260811T161109Z_1f9509
S2-B (pilot),illiquidity_reversion,BTCUSDT,44,random_search,25,15,375,32385,-0.31994502601609964,-0.7679101349824581,4,15,477.0,0.9665,true,artifacts/runs/search_illiquidity_reversion_20260811T161109Z_1f9509
S2-B (pilot),illiquidity_reversion,ETHUSDT,42,genetic_algorithm,25,15,375,32385,-0.595398792653947,-1.356322369160217,6,15,610.0,0.984,true,artifacts/runs/search_illiquidity_reversion_20260811T161119Z_5222e8
S2-B (pilot),illiquidity_reversion,ETHUSDT,42,random_search,25,15,375,32385,-0.5610631247422566,-0.6562993592433709,3,15,442.0,0.9855,true,artifacts/runs/search_illiquidity_reversion_20260811T161119Z_5222e8
S2-B (pilot),illiquidity_reversion,ETHUSDT,43,genetic_algorithm,25,15,375,32385,0.008832636266646432,0.817975935596356,9,15,569.0,0.4495,true,artifacts/runs/search_illiquidity_reversion_20260811T161128Z_38f813
S2-B (pilot),illiquidity_reversion,ETHUSDT,43,random_search,25,15,375,32385,-0.5730722212902026,-1.6356723438422875,4,15,420.0,0.9745,true,artifacts/runs/search_illiquidity_reversion_20260811T161128Z_38f813
S2-B (pilot),illiquidity_reversion,ETHUSDT,44,genetic_algorithm,25,15,375,32385,-0.5202192041490209,-0.40388815258296923,4,15,467.0,0.974,true,artifacts/runs/search_illiquidity_reversion_20260811T161138Z_647516
S2-B (pilot),illiquidity_reversion,ETHUSDT,44,random_search,25,15,375,32385,-0.5607255814652405,-0.11762772266710252,6,14,517.0,0.9815,true,artifacts/runs/search_illiquidity_reversion_20260811T161138Z_647516
S2-B (pilot),taker_flow_extreme,BTCUSDT,42,genetic_algorithm,25,15,375,32385,-0.018692045579541405,-0.6531701683553595,7,15,440.0,0.4935,true,artifacts/runs/search_taker_flow_extreme_20260811T160957Z_a327dc
S2-B (pilot),taker_flow_extreme,BTCUSDT,42,random_search,25,15,375,32385,-0.0739886347700065,-0.11975654874305953,6,14,406.0,0.5995,true,artifacts/runs/search_taker_flow_extreme_20260811T160957Z_a327dc
S2-B (pilot),taker_flow_extreme,BTCUSDT,43,genetic_algorithm,25,15,375,32385,-0.12766734887512377,-0.6457641915949192,6,15,410.0,0.683,true,artifacts/runs/search_taker_flow_extreme_20260811T161006Z_a7ec6b
S2-B (pilot),taker_flow_extreme,BTCUSDT,43,random_search,25,15,375,32385,0.27510032562820474,0.35083241477369653,10,15,524.0,0.1845,true,artifacts/runs/search_taker_flow_extreme_20260811T161006Z_a7ec6b
S2-B (pilot),taker_flow_extreme,BTCUSDT,44,genetic_algorithm,25,15,375,32385,-0.2086925440661893,-0.15189281000729665,6,14,412.0,0.8505,true,artifacts/runs/search_taker_flow_extreme_20260811T161015Z_692007
S2-B (pilot),taker_flow_extreme,BTCUSDT,44,random_search,25,15,375,32385,-0.15274519360050665,0.0,7,14,432.0,0.7315,true,artifacts/runs/search_taker_flow_extreme_20260811T161015Z_692007
S2-B (pilot),taker_flow_extreme,ETHUSDT,42,genetic_algorithm,25,15,375,32385,-0.2370835409463381,-0.9127563633909774,4,14,623.0,0.7665,true,artifacts/runs/search_taker_flow_extreme_20260811T161025Z_387f26
S2-B (pilot),taker_flow_extreme,ETHUSDT,42,random_search,25,15,375,32385,-0.18801270251959645,0.0,7,14,430.0,0.698,true,artifacts/runs/search_taker_flow_extreme_20260811T161025Z_387f26
S2-B (pilot),taker_flow_extreme,ETHUSDT,43,genetic_algorithm,25,15,375,32385,-0.22399615975084308,-1.3840960509105409,4,14,444.0,0.7855,true,artifacts/runs/search_taker_flow_extreme_20260811T161034Z_c164f9
S2-B (pilot),taker_flow_extreme,ETHUSDT,43,random_search,25,15,375,32385,0.40806140502215715,0.5560199686928342,8,15,256.0,0.08,true,artifacts/runs/search_taker_flow_extreme_20260811T161034Z_c164f9
S2-B (pilot),taker_flow_extreme,ETHUSDT,44,genetic_algorithm,25,15,375,32385,0.2691495314099577,0.09722401568133313,8,15,437.0,0.2025,true,artifacts/runs/search_taker_flow_extreme_20260811T161042Z_81e718
S2-B (pilot),taker_flow_extreme,ETHUSDT,44,random_search,25,15,375,32385,-0.17461278931230395,0.14491227448866406,8,15,548.0,0.6165,true,artifacts/runs/search_taker_flow_extreme_20260811T161042Z_81e718
