round,family,symbol,n_seeds,sharpe_concat_ann_mean_across_seeds,sharpe_concat_ann_sd_across_seeds,sharpe_concat_ann_min,sharpe_concat_ann_max,mean_fold_test_sharpe_mean_across_seeds,total_return_net_mean_across_seeds,seeds_positive_return,bh_total_return_same_window,n_trades_mean_across_seeds
CRT_INTRADAY_V1,crt_htf_range_reversal,BTCUSDT,10,-0.28975500998141707,0.5332370509513329,-1.4655908281026742,0.23000542218777614,-0.329294174913211,-0.12813009632535052,3,0.522747844787544,603.0
CRT_INTRADAY_V1,crt_htf_range_reversal,ETHUSDT,10,-0.5697183472151889,0.5887791709508581,-1.3894592153965624,0.46655806705341957,-0.5675330711010405,-0.2797829276836417,1,-0.2190192992677874,760.9
CRT_INTRADAY_V1,crt_three_candle_model,BTCUSDT,10,-0.731889463171339,0.36538682643639636,-1.4675421931266528,-0.15430106960478016,-0.5430884930217372,-0.3395072671588706,0,0.522747844787544,490.6
CRT_INTRADAY_V1,crt_three_candle_model,ETHUSDT,10,-0.10447587098572331,0.24121387253227006,-0.410527147796171,0.2487978402885565,-0.1657020973484391,-0.11893893969526212,3,-0.2190192992677874,481.5
CRT_INTRADAY_V1,double_sweep_reversal,BTCUSDT,10,0.04267887943402583,0.28470899941897226,-0.39184658504959713,0.576417522169195,-0.1189041502850178,0.002245564445052217,5,0.522747844787544,150.1
CRT_INTRADAY_V1,double_sweep_reversal,ETHUSDT,10,0.03505071031487502,0.3381869518450216,-0.4632652153607362,0.47462968070097716,-0.1878270810624662,-0.0009989678995570238,6,-0.2190192992677874,167.1
CRT_INTRADAY_V1,failed_breakout_reversal,BTCUSDT,10,0.09137758029778478,0.21770961911374173,-0.21424903204853757,0.35086903055129426,-0.13895676278670827,0.016992421334700015,6,0.522747844787544,327.5
CRT_INTRADAY_V1,failed_breakout_reversal,ETHUSDT,10,-0.4782164574568866,0.28901264272013627,-0.8481164560601716,0.012515921285946856,-0.35705447095447174,-0.1821358485703589,0,-0.2190192992677874,308.2
CRT_INTRADAY_V1,opening_range_breakout_retest,BTCUSDT,10,-0.4686892001355938,0.2366748907937903,-0.7977312526214939,-0.07912530134188021,-0.7228377928588985,-0.07003128330562622,0,0.522747844787544,127.0
CRT_INTRADAY_V1,opening_range_breakout_retest,ETHUSDT,10,-0.5563533311315887,0.3758726997933952,-1.1756238500433136,0.07415087330668549,-0.4825749212374683,-0.09793935334634146,1,-0.2190192992677874,113.6
CRT_INTRADAY_V1,pdh_reclaim_short,BTCUSDT,10,0.01579074069007248,0.41228998526932104,-0.5465282405841926,0.5043397838040492,0.15348692760524513,-0.005665079593590028,5,0.522747844787544,231.4
CRT_INTRADAY_V1,pdh_reclaim_short,ETHUSDT,10,-0.4998583917825258,0.06756385145689893,-0.6069306862209719,-0.3826497770363616,-0.20666441263098942,-0.2360931051493544,0,-0.2190192992677874,371.4
CRT_INTRADAY_V1,pdl_reclaim_long,BTCUSDT,10,0.47141217830456156,0.13471310623326618,0.30005359139664267,0.6217288587976498,0.16340271469121745,0.1425999065839838,10,0.522747844787544,248.7
CRT_INTRADAY_V1,pdl_reclaim_long,ETHUSDT,10,-0.3839329516220271,0.11186682131039678,-0.523495715794358,-0.12721220800125058,-0.2946705601886691,-0.22279320811368772,0,-0.2190192992677874,363.2
CRT_INTRADAY_V1,session_liquidity_sweep,BTCUSDT,10,-0.22918990994306312,0.2900443028997405,-0.7120243323165738,0.16528005552467212,-0.4538047893389593,-0.056931938032304986,3,0.522747844787544,246.5
CRT_INTRADAY_V1,session_liquidity_sweep,ETHUSDT,10,-0.48055922495139497,0.311103754949158,-0.9072084315017769,0.013080408624893868,-0.9112909434914325,-0.12635440204159792,0,-0.2190192992677874,194.1
CRT_INTRADAY_V1,session_range_rotation,BTCUSDT,10,-0.33350878480936735,0.28960112593723875,-0.6226205696320539,0.308502218288005,-0.7230905100161077,-0.040144410772989726,1,0.522747844787544,72.3
CRT_INTRADAY_V1,session_range_rotation,ETHUSDT,10,-0.7202668363944155,0.36560226929098544,-1.1152770745476888,-0.07082930764208564,-0.5758172676251201,-0.11201293146976707,0,-0.2190192992677874,102.5
R2,momentum,BTCUSDT,10,-0.22140521726330284,0.2197115286022469,-0.6263687244116883,0.018560265100240354,-0.7127808199924982,-0.32245911429465873,0,0.522747844787544,577.9
R2,momentum,ETHUSDT,10,-0.32720957621327085,0.1693306203660091,-0.7116734818953292,-0.09666640915276539,-0.4939611744471919,-0.4744615193089451,0,-0.2190192992677874,456.4
R3,BTC_ETH_confirmation,BTCUSDT,10,-0.5044514948692568,0.2991182610401989,-0.8126007494530537,0.2154049659253097,-0.6542125270217516,-0.5985165269728592,1,0.522747844787544,848.2
R3,BTC_ETH_confirmation,ETHUSDT,10,-0.4401094790131948,0.34691794336276416,-1.0728926721109537,-0.025642998924599737,-0.49219999264819475,-0.6986511002694404,0,-0.2190192992677874,960.7
R3,breakout,BTCUSDT,10,-0.7490723036486808,0.20232836152715677,-1.1828828478969635,-0.4368439788220843,-1.184564637077759,-0.16103806359393186,0,0.522747844787544,328.2
R3,breakout,ETHUSDT,10,-1.0663891528733502,0.14482458283863048,-1.3365914173049729,-0.8793108271153401,-1.43683057032894,-0.26134264442718286,0,-0.2190192992677874,443.6
R3,funding,BTCUSDT,10,-0.2674536905696875,0.17747113049253682,-0.5491581597176691,-0.0622495847277743,-0.300854801581517,-0.4053663264266544,0,0.522747844787544,358.0
R3,funding,ETHUSDT,10,-0.2871174614003983,0.3864905524374031,-0.7885780943767059,0.5297506387554567,-0.23968209000651183,-0.4712883967449281,1,-0.2190192992677874,463.9
R3,mean_reversion,BTCUSDT,10,-0.5823541371897437,0.33856245387373884,-1.2540759644726243,-0.1914648370002126,-0.5044588868047185,-0.608941659086004,0,0.522747844787544,436.7
R3,mean_reversion,ETHUSDT,10,-0.8631767655061839,0.1828177511127026,-1.264563157806735,-0.6525996272887914,-0.598650869239542,-0.7987229889360048,0,-0.2190192992677874,465.8
R3,volatility_breakout,BTCUSDT,10,0.11623004565835357,0.46813409492181235,-0.5367918147804753,0.8354792431613381,-0.28240466836241546,0.10936092935311637,6,0.522747844787544,245.8
R3,volatility_breakout,ETHUSDT,10,-0.48609365580702574,0.3843909120864193,-0.8330699627385457,0.32953663281543666,-0.4298153824731295,-0.575130372191354,1,-0.2190192992677874,297.3
S3,macro_event_brake,BTCUSDT,10,-0.2171783081574198,0.11888433139161583,-0.4040925708069274,-0.0794208276017225,-0.9902120615219079,-0.3049765669779053,0,0.522747844787544,383.4
S3,macro_event_brake,ETHUSDT,10,-0.41390441339968725,0.2637712786311603,-0.858103531949967,-0.031825828758570096,-0.6790249085826738,-0.549273358647268,0,-0.2190192992677874,421.8
