familia,ronda,estado,activos,semillas,folds,presupuesto_por_fold_motor,evals_unicas,artefactos,en_cierre_13,motivo_inclusion_exclusion
momentum,R2 rebaseline,confirmatoria cerrada,BTC+ETH,10,15,300,180000,artifacts/runs/multiseed_momentum_r2_clean_v2,SI,estudio completo multi-semilla; sustituye a la baseline R1 contaminada
breakout,R3,confirmatoria cerrada,BTC+ETH,10,15,100,60000,artifacts/runs/r3_full_budget100_ga21/breakout,SI,estudio completo multi-semilla
mean_reversion,R3,confirmatoria cerrada,BTC+ETH,10,15,100,60000,artifacts/runs/r3_full_budget100_ga21/mean_reversion,SI,estudio completo multi-semilla
volatility_breakout,R3,confirmatoria cerrada (señal parcial),BTC+ETH,10,15,100,60000,artifacts/runs/r3_full_budget100_ga21/volatility_breakout,SI,estudio completo multi-semilla; mejor familia del cierre (DSR 0.139)
funding,R3,confirmatoria cerrada,BTC+ETH,10,15,100,60000,artifacts/runs/r3_full_budget100_ga21/funding,SI,estudio completo multi-semilla
BTC_ETH_confirmation,R3,confirmatoria cerrada,BTC+ETH,10,15,100,60000,artifacts/runs/r3_full_budget100_ga21/btc_eth_confirmation,SI,estudio completo multi-semilla
mtf_trend_consensus,S1-B,piloto (gate no superado),BTC,1,15,25,750,artifacts/runs/s1b_pilot_* + reports/gate_s1b,SI (nivel piloto),incluida en el universo de 13 con evidencia SOLO de piloto; estudio completo S1-C nunca ejecutado
funding_reversal,S1-B,piloto (p bootstrap RS 0.7455; sin señal parcial),BTC,1,15,25,750,artifacts/runs/s1b_pilot_* + reports/gate_s1b,SI (nivel piloto),idem; un p=0.060 citado antes no tiene respaldo en artefactos y se retira
intraday_seasonality,S1-B,piloto (gate no superado),BTC,1,15,25,750,artifacts/runs/s1b_pilot_* + reports/gate_s1b,SI (nivel piloto),idem
xasset_spread_reversion,S1-B,piloto (gate no superado),BTC,1,15,25,750,artifacts/runs/s1b_pilot_* + reports/gate_s1b,SI (nivel piloto),idem
taker_flow_extreme,S2-B,piloto (gate no superado),BTC+ETH,3,15,25,4500,artifacts/runs/s2b_pilot_* + reports/gate_s2b,SI (nivel piloto),incluida en el universo de 13 con evidencia de piloto de 3 semillas
illiquidity_reversion,S2-B,piloto (gate no superado),BTC+ETH,3,15,25,4500,artifacts/runs/s2b_pilot_* + reports/gate_s2b,SI (nivel piloto),idem
flow_price_divergence,S2-B,piloto (gate no superado),BTC+ETH,3,15,25,4500,artifacts/runs/s2b_pilot_* + reports/gate_s2b,SI (nivel piloto),idem
pdl_reclaim_long,CRT_INTRADAY_V1,confirmatoria cerrada (señal parcial BTC 10/10 semillas positivas; 0/10 CI>0),BTC+ETH,10,15,100,60000,artifacts/runs/crt_v1_budget100/pdl_reclaim_long,NO,ronda posterior al cierre del 2026-08-13; Holm/BH/DSR/PBO ampliados no calculados
pdh_reclaim_short,CRT_INTRADAY_V1,confirmatoria cerrada (señal parcial BTC 5/10),BTC+ETH,10,15,100,60000,artifacts/runs/crt_v1_budget100/pdh_reclaim_short,NO,idem
crt_htf_range_reversal,CRT_INTRADAY_V1,confirmatoria cerrada (0 celdas),BTC+ETH,10,15,100,60000,artifacts/runs/crt_v1_budget100/crt_htf_range_reversal,NO,idem
session_liquidity_sweep,CRT_INTRADAY_V1,confirmatoria cerrada (0 celdas),BTC+ETH,10,15,100,60000,artifacts/runs/crt_v1_budget100/session_liquidity_sweep,NO,idem
session_range_rotation,CRT_INTRADAY_V1,confirmatoria cerrada (0 celdas),BTC+ETH,10,15,100,60000,artifacts/runs/crt_v1_budget100/session_range_rotation,NO,idem
opening_range_breakout_retest,CRT_INTRADAY_V1,confirmatoria cerrada (0 celdas),BTC+ETH,10,15,100,60000,artifacts/runs/crt_v1_budget100/opening_range_breakout_retest,NO,idem
failed_breakout_reversal,CRT_INTRADAY_V1,confirmatoria cerrada (0 celdas),BTC+ETH,10,15,100,60000,artifacts/runs/crt_v1_budget100/failed_breakout_reversal,NO,idem
double_sweep_reversal,CRT_INTRADAY_V1,confirmatoria cerrada (0 celdas),BTC+ETH,10,15,100,60000,artifacts/runs/crt_v1_budget100/double_sweep_reversal,NO,idem
crt_three_candle_model,CRT_INTRADAY_V1,confirmatoria cerrada (0 celdas),BTC+ETH,10,15,100,60000,artifacts/runs/crt_v1_budget100/crt_three_candle_model,NO,idem
macro_event_brake,S3,confirmatoria cerrada (0/10 semillas positivas),BTC+ETH,10,15,100,60000,artifacts/runs/multiseed_20260826T165028Z_0d3a92 + ADR 0019,NO,ronda posterior; N:=N+1 declarado en prerregistro; correccion ampliada no calculada
smoke_phase_A,exploratoria,tecnica (sintetico),varios,,,,621,artifacts/runs/smoke_*,NO,validez tecnica; sin lectura de rentabilidad
development_slice,exploratoria,previa al contrato,BTC,,,,9244,artifacts/runs/development_*,NO,anterior al contrato congelado
pilotos_R2_R3,exploratoria,no-futilidad,BTC+ETH,,,,20760,artifacts/runs/pilot_*,NO,el protocolo prohibe citar Sharpe de piloto como evidencia
crt_v1_abortado,CRT_INTRADAY_V1,descartada,BTC+ETH,,,,93000,artifacts/runs/crt_v1_ABORTED_fc662f9 + crt_v1_budget100/_DESCARTADO_huella_arbol_sucio,NO,huella de identidad sobre arbol sucio; invalidada y re-ejecutada limpia (31 runs: 24000+9000+60000)
s3_pilot,S3,exploratoria (screen tecnico),BTC+ETH,,,25,750,artifacts/runs/search_macro_event_brake_20260826T164228Z_d02e91,NO,superado por el estudio completo; mismo trato que pilotos R2/R3
s1c_full_configs,S1-C,implementada NO ejecutada,BTC+ETH,,,,0,configs/search_s1c_*.yaml,NO,configs completas preparadas; decision humana pendiente (NOT YET EXECUTED)
s3_checkpoint_abandonado,S3,descartada,BTC+ETH,,,,18000,artifacts/runs/multiseed_20260826T164332Z_4c7762,NO,huella distinta tras cambios de codigo; relanzado limpio (6x3000 + 1 parcial)
momentum_baseline_R1,R1,sustituida,BTC+ETH,,,,,artifacts/runs/multiseed_momentum_baseline + ADR 0011-0013,NO,contaminacion de pliegue externo detectada; sustituida por R2
meta_labeling_sintetico,anexo,ejecutado,sintetico,,,,,reports/meta_labeling_synthetic + ADR 0017,NO,validacion de maquinaria con edge plantado; capitulo 9
meta_labeling_real,anexo,ejecutado,BTC,,15,,,reports/meta_labeling_real + reports/tables/ml,NO,capa secundaria sobre primaria momentum; capitulo 9
volforecast_har_lstm,anexo,ejecutado (no material improvement),BTC+ETH,3,15,,,artifacts/volforecast/results.json + docs/methodology/volforecast_spec.md,NO,anexo DL; regla de decision congelada; DM no rechaza
altdata_fg_macro,anexo,ejecutado (descriptivo),BTC+ETH,,,,,reports/figures/eda + configs/altdata/us_macro_events.csv,NO,descriptivo; capitulos 5/11
montecarlo_funded,anexo,ejecutado,mejor familia,,,,,reports/tables/montecarlo + reports/figures/montecarlo,NO,proyeccion condicional; capitulo 8
