family,seed,n_trades,share_best_trade,share_top5,share_top_1pct,share_top_5pct,share_top_10pct,ret_without_best_1,ret_without_best_3,ret_without_best_5,ret_without_best_10,ret_without_worst_1,ret_without_worst_3,ret_without_worst_5,ret_without_worst_10,profit_hhi_positive_trades,win_rate,payoff_ratio,holding_bars_median,max_consecutive_losses,max_trades_without_new_high,obs_trade_seq_mdd,perm_trade_seq_mdd_p50,perm_trade_seq_mdd_p95,obs_mdd_percentile_in_perm
pdl_reclaim_long,278037,149,0.07302724,0.25369554,0.12617785,0.34343040,0.50252888,0.20652977,0.10002267,0.02573063,-0.09560161,0.32747751,0.38146835,0.42489378,0.52147469,0.02596886,0.46979866,1.59189144,5.00000000,7,54,0.12454084,0.09571917,0.14949445,0.83500000
pdl_reclaim_long,341110,141,0.08556466,0.26252166,0.14408708,0.34413948,0.50393208,0.14400696,0.05864369,-0.00159626,-0.09684067,0.25868714,0.31399783,0.35940517,0.45202994,0.02722143,0.50354610,1.34950713,6.00000000,5,32,0.08083126,0.08957475,0.14369629,0.35200000
pdl_reclaim_long,605142,114,0.09221907,0.32636385,0.17599525,0.36671431,0.52366666,0.16518239,0.05020660,-0.01335779,-0.11355216,0.28198529,0.32628637,0.36232819,0.45157051,0.03604834,0.48245614,1.56912648,6.00000000,6,28,0.08371955,0.08487880,0.13230263,0.48400000
pdl_reclaim_long,671194,127,0.08879624,0.31425043,0.16946296,0.38211271,0.52715683,0.15785957,0.04360637,-0.01955853,-0.11912321,0.27392840,0.32492808,0.36534098,0.45656185,0.03363048,0.51181102,1.35631975,6.00000000,6,25,0.08333222,0.08705881,0.13745124,0.41600000
pdl_reclaim_long,683778,123,0.09433683,0.33385859,0.18003687,0.40016768,0.55525186,0.07156159,-0.03417605,-0.09263313,-0.18235644,0.17897954,0.23154306,0.27410104,0.36273899,0.03685686,0.45528455,1.50717679,6.00000000,5,37,0.08571340,0.10526159,0.16273777,0.22600000
pdl_reclaim_long,692467,114,0.09411478,0.30837000,0.16497230,0.34221570,0.51144034,0.08590428,0.00487650,-0.05230394,-0.13869386,0.18789156,0.23569644,0.27338759,0.35649217,0.03455012,0.46491228,1.50291766,6.00000000,10,29,0.09945948,0.08957981,0.14248082,0.65000000
pdl_reclaim_long,693857,113,0.10682830,0.32026058,0.17989411,0.35516110,0.53306938,0.05989458,-0.01919241,-0.07075666,-0.15723243,0.16614298,0.21738699,0.25945577,0.34527037,0.03708287,0.49557522,1.29245017,6.00000000,10,23,0.07907060,0.09649624,0.14723930,0.23200000
pdl_reclaim_long,707014,125,0.09309229,0.32076988,0.16897745,0.38687069,0.54866874,0.07756918,-0.02300523,-0.08213843,-0.17699463,0.18558935,0.23768790,0.28264428,0.37468064,0.03533968,0.48000000,1.37328573,6.00000000,10,42,0.10081681,0.10343595,0.15989828,0.46800000
pdl_reclaim_long,765570,141,0.07808528,0.30341143,0.14902165,0.40601115,0.56747088,0.17397722,0.05516851,-0.02789173,-0.14794812,0.29166176,0.34842146,0.39740001,0.49717274,0.03142406,0.46808511,1.57837240,6.00000000,10,35,0.07907060,0.09839224,0.15039352,0.19800000
pdl_reclaim_long,891022,153,0.07378254,0.25631944,0.12748287,0.34698241,0.52288396,0.19764283,0.09192023,0.01817540,-0.10174175,0.31769970,0.37560359,0.42313981,0.52074022,0.02606690,0.48366013,1.49483544,5.00000000,6,40,0.08083126,0.09540269,0.14416995,0.24100000
volatility_breakout,278037,115,0.29551261,0.67602231,0.40390683,0.72855941,0.90253653,-0.66466259,-0.74881524,-0.80143094,-0.84671540,-0.28169847,0.12753463,0.41217483,0.99514056,0.13312549,0.31304348,1.67172226,2.00000000,9,114,0.51915353,0.64801062,0.76125727,0.02700000
volatility_breakout,341110,140,0.16473783,0.42754944,0.25869319,0.50299096,0.66018174,-0.24401000,-0.46198327,-0.57215613,-0.69520289,0.56273530,1.29068700,1.77642958,2.69054972,0.05630431,0.40000000,1.73390911,46.00000000,10,72,0.47118760,0.50543471,0.63889057,0.36900000
volatility_breakout,605142,119,0.21293279,0.53670016,0.32037875,0.58559471,0.75994783,-0.11601744,-0.38068462,-0.52011938,-0.66219905,0.64351309,1.11721523,1.54269475,2.18657887,0.08354353,0.42857143,1.71296105,28.00000000,7,46,0.28886002,0.40324619,0.55352823,0.04300000
volatility_breakout,671194,150,0.23815844,0.52985690,0.37505144,0.63224506,0.80457020,-0.16255289,-0.37959668,-0.46076324,-0.58314746,0.50255868,0.85353620,1.06290110,1.49260571,0.09289817,0.41333333,1.74797062,2.00000000,8,65,0.26344716,0.36303383,0.48848748,0.04500000
volatility_breakout,683778,168,0.11871707,0.44355005,0.21380030,0.62050887,0.78346161,-0.33114692,-0.55373537,-0.67201669,-0.79709137,0.28320750,0.87563730,1.29743330,2.07804832,0.05490319,0.36904762,1.80756897,4.50000000,9,156,0.44180412,0.55462519,0.68105855,0.09300000
volatility_breakout,692467,140,0.19834879,0.49600050,0.32587211,0.56807049,0.73684362,-0.18078070,-0.43259479,-0.52497147,-0.64811372,0.70406779,1.12477577,1.49026679,2.11193493,0.07551655,0.41428571,1.72714888,4.00000000,11,44,0.42659674,0.45092321,0.57087508,0.35500000
volatility_breakout,693857,129,0.17808827,0.55366172,0.28961210,0.65764635,0.80689177,0.37004781,-0.08490723,-0.34538213,-0.55691352,1.45815791,1.93880209,2.32574993,3.11071923,0.07959676,0.41860465,2.29293891,3.00000000,6,41,0.29852506,0.32619544,0.45938156,0.32800000
volatility_breakout,707014,138,0.12676653,0.46028023,0.23629791,0.54826500,0.73895503,-0.65079935,-0.74691098,-0.80037609,-0.85470276,-0.35968534,0.00511683,0.30303748,1.14178417,0.05712536,0.41304348,1.07150366,5.00000000,10,125,0.63700008,0.68072672,0.77018741,0.23100000
volatility_breakout,765570,127,0.21698374,0.62449878,0.35499876,0.71008175,0.79441102,-0.48971491,-0.61044490,-0.65984812,-0.70350345,-0.06431151,0.17392527,0.33705804,0.66383460,0.10055311,0.41732283,1.07038662,2.00000000,8,119,0.48752447,0.51532398,0.60755209,0.30200000
volatility_breakout,891022,190,0.15521652,0.44016970,0.26061408,0.63022480,0.77890832,0.68304725,0.07693629,-0.18393258,-0.50774704,2.12914567,2.90168333,3.41833733,4.59307248,0.05792234,0.40000000,2.51852237,2.00000000,9,42,0.35316646,0.33187669,0.45952464,0.61600000
