layer,family,seed,method,block,n_paths,terminal_p05,terminal_p50,terminal_p95,mdd_p50,mdd_p95,prob_terminal_below_1,prob_mc_se,prob_wilson_lo,prob_wilson_hi,observed_terminal,terminal_p01,terminal_p25,terminal_p75,terminal_p99,expected_shortfall_5pct_terminal_return,sharpe_ann_p50,prob_recovered_peak,median_t_barrier50_bars,prob_loss_gt_10,prob_loss_gt_10_mc_se,prob_loss_gt_20,prob_loss_gt_20_mc_se,prob_loss_gt_30,prob_loss_gt_30_mc_se,prob_loss_gt_50,prob_loss_gt_50_mc_se,prob_terminal_below_1_mc_se,prob_terminal_below_1_wilson_lo,prob_terminal_below_1_wilson_hi
path_within_seed,pdl_reclaim_long,278037,stationary,167,1000,0.91922688,1.20374127,1.61182779,0.11761001,0.21303514,0.13300000,0.01073830,0.11335116,0.15545768,1.20997759,,,,,,,,,,,,,,,,,,,
path_within_seed,pdl_reclaim_long,341110,stationary,167,1000,0.89380483,1.13651535,1.48743790,0.11323719,0.21548351,0.18700000,0.01233009,0.16404782,0.21234774,1.14529527,,,,,,,,,,,,,,,,,,,
path_within_seed,pdl_reclaim_long,605142,stationary,167,1000,0.91443675,1.17101675,1.50761413,0.10503852,0.19624109,0.15600000,0.01147449,0.13483132,0.17980149,1.18070965,,,,,,,,,,,,,,,,,,,
path_within_seed,pdl_reclaim_long,671194,stationary,167,1000,0.89915889,1.15675931,1.52269947,0.11285765,0.19933685,0.16100000,0.01162235,0.13952453,0.18507001,1.16928028,,,,,,,,,,,,,,,,,,,
path_within_seed,pdl_reclaim_long,683778,stationary,167,1000,0.84838703,1.09256044,1.38733985,0.13009325,0.23681610,0.31900000,0.01473903,0.29085168,0.34853360,1.08365887,,,,,,,,,,,,,,,,,,,
path_within_seed,pdl_reclaim_long,692467,stationary,167,1000,0.87350515,1.09302882,1.35233097,0.11201931,0.20330644,0.25700000,0.01381850,0.23088202,0.28497779,1.09471528,,,,,,,,,,,,,,,,,,,
path_within_seed,pdl_reclaim_long,693857,stationary,167,1000,0.84862223,1.06996490,1.36646736,0.12224713,0.22643124,0.33500000,0.01492565,0.30642688,0.36483595,1.07581123,,,,,,,,,,,,,,,,,,,
path_within_seed,pdl_reclaim_long,707014,stationary,167,1000,0.83987302,1.08652364,1.44294127,0.13432582,0.25303453,0.31000000,0.01462532,0.28210765,0.33934652,1.08957656,,,,,,,,,,,,,,,,,,,
path_within_seed,pdl_reclaim_long,765570,stationary,167,1000,0.90416647,1.18305201,1.58519021,0.12189732,0.21944819,0.14900000,0.01126051,0.12827436,0.17241202,1.17902961,,,,,,,,,,,,,,,,,,,
path_within_seed,pdl_reclaim_long,891022,stationary,167,1000,0.91201939,1.19484530,1.62584802,0.12048092,0.22139784,0.14300000,0.01107028,0.12266732,0.16606499,1.19794472,,,,,,,,,,,,,,,,,,,
hierarchical_primary,pdl_reclaim_long,mixed(1..10 uniform),stationary,167,4000,0.87952290,1.14203521,1.50430700,,,0.20425000,,,,,0.79078612,1.02368728,1.27746228,1.71220348,-0.17193814,0.48346168,0.54300000,32385.00000000,0.06475000,0.00389093,0.01250000,0.00175668,0.00125000,0.00055867,0.00000000,0.00000002,0.00637440,0.19204293,0.21702458
path_within_seed,volatility_breakout,278037,stationary,168,1000,0.17197746,0.51569966,1.63489844,0.65662322,0.86790072,0.83000000,0.01187855,0.80546594,0.85200840,0.51097171,,,,,,,,,,,,,,,,,,,
path_within_seed,volatility_breakout,341110,stationary,168,1000,0.34755567,1.04233950,3.35654058,0.51940438,0.76711462,0.47800000,0.01579608,0.44718363,0.50898475,1.05599892,,,,,,,,,,,,,,,,,,,
path_within_seed,volatility_breakout,605142,stationary,168,1000,0.45984143,1.25969099,3.26153341,0.44846502,0.68727582,0.35600000,0.01514147,0.32692604,0.38617607,1.25768455,,,,,,,,,,,,,,,,,,,
path_within_seed,volatility_breakout,671194,stationary,168,1000,0.44929567,1.04216047,2.43783692,0.42849494,0.66715297,0.47000000,0.01578290,0.43923991,0.50098969,1.07385128,,,,,,,,,,,,,,,,,,,
path_within_seed,volatility_breakout,683778,stationary,168,1000,0.27299044,0.85534497,2.46330860,0.54292286,0.80289049,0.59500000,0.01552337,0.56426731,0.62500561,0.87032406,,,,,,,,,,,,,,,,,,,
path_within_seed,volatility_breakout,692467,stationary,168,1000,0.41748852,1.17030257,2.95608519,0.46834926,0.72335605,0.40200000,0.01550471,0.37204223,0.43270781,1.12668851,,,,,,,,,,,,,,,,,,,
path_within_seed,volatility_breakout,693857,stationary,168,1000,0.67161701,1.74473648,4.99086430,0.39307494,0.61389294,0.16100000,0.01162235,0.13952453,0.18507001,1.82364381,,,,,,,,,,,,,,,,,,,
path_within_seed,volatility_breakout,707014,stationary,168,1000,0.15226307,0.43850405,1.23594017,0.68471676,0.87521833,0.89300000,0.00977502,0.87231504,0.91067713,0.43831630,,,,,,,,,,,,,,,,,,,
path_within_seed,volatility_breakout,765570,stationary,168,1000,0.28702919,0.64894884,1.38494435,0.52770718,0.76182980,0.83200000,0.01182269,0.80756698,0.85389205,0.62175727,,,,,,,,,,,,,,,,,,,
path_within_seed,volatility_breakout,891022,stationary,168,1000,0.76679946,2.30143241,7.11902836,0.38376085,0.58833569,0.11000000,0.00989444,0.09207937,0.13090550,2.31437289,,,,,,,,,,,,,,,,,,,
hierarchical_primary,volatility_breakout,mixed(1..10 uniform),stationary,168,4000,0.26462503,0.96167056,3.78645433,,,0.51900000,,,,,0.15586256,0.58072566,1.64367256,6.75448402,-0.80115355,0.11975996,0.30750000,32385.00000000,0.47050000,0.00789192,0.40500000,0.00776168,0.33725000,0.00747517,0.19550000,0.00627056,0.00789998,0.50350551,0.53445804
