family,bar_index,p05,p25,p50,p75,p95,observed_median_seed
pdl_reclaim_long,0,1.000000,1.000000,1.000000,1.000000,1.000000,1.000000
pdl_reclaim_long,74,0.988267,1.000000,1.000000,1.000000,1.011387,1.000000
pdl_reclaim_long,148,0.986713,1.000000,1.000000,1.000000,1.018229,1.000000
pdl_reclaim_long,222,0.983154,0.996136,1.000000,1.003926,1.023846,1.000000
pdl_reclaim_long,296,0.981809,0.994281,1.000000,1.005876,1.029717,0.985573
pdl_reclaim_long,370,0.978820,0.992156,1.000000,1.008044,1.034520,0.985573
pdl_reclaim_long,444,0.977928,0.991512,1.000000,1.009750,1.040688,0.985573
pdl_reclaim_long,518,0.975276,0.990503,1.000000,1.011260,1.044052,0.985573
pdl_reclaim_long,592,0.972889,0.989616,1.000000,1.013012,1.046621,0.985573
pdl_reclaim_long,666,0.971615,0.988893,1.000000,1.014689,1.049020,0.980818
pdl_reclaim_long,740,0.970052,0.988274,1.000000,1.016124,1.052856,0.980818
pdl_reclaim_long,814,0.968005,0.987921,1.000000,1.017914,1.053954,0.980818
pdl_reclaim_long,888,0.967163,0.987418,1.000313,1.019292,1.056451,0.980818
pdl_reclaim_long,962,0.965819,0.987083,1.000192,1.020452,1.060006,0.980818
pdl_reclaim_long,1036,0.964418,0.986850,1.000546,1.021459,1.061766,0.980818
pdl_reclaim_long,1110,0.963098,0.986848,1.001156,1.022636,1.062775,0.997527
pdl_reclaim_long,1184,0.961381,0.986505,1.001857,1.023633,1.065542,0.999491
pdl_reclaim_long,1258,0.960383,0.986242,1.002310,1.024484,1.067340,0.999491
pdl_reclaim_long,1332,0.958093,0.985631,1.003052,1.025742,1.068164,0.999491
pdl_reclaim_long,1406,0.957652,0.985201,1.003261,1.026110,1.070168,0.999491
pdl_reclaim_long,1480,0.957133,0.984891,1.003472,1.026559,1.070878,0.999491
pdl_reclaim_long,1554,0.955706,0.984604,1.003615,1.027575,1.074327,0.999491
pdl_reclaim_long,1628,0.955113,0.984232,1.003676,1.028550,1.075566,0.999491
pdl_reclaim_long,1702,0.954169,0.983649,1.003945,1.029088,1.076795,0.999491
pdl_reclaim_long,1776,0.953951,0.982996,1.004109,1.030457,1.077824,0.999491
pdl_reclaim_long,1850,0.952958,0.982819,1.004661,1.032183,1.079167,0.999491
pdl_reclaim_long,1924,0.952262,0.982826,1.005019,1.033061,1.079904,0.999491
pdl_reclaim_long,1998,0.950337,0.982873,1.005471,1.034144,1.081540,0.999491
pdl_reclaim_long,2072,0.949533,0.982140,1.005738,1.034636,1.083833,0.999491
pdl_reclaim_long,2146,0.947823,0.981831,1.006031,1.035313,1.084178,0.999491
pdl_reclaim_long,2220,0.947278,0.981518,1.006734,1.036017,1.085377,0.999491
pdl_reclaim_long,2294,0.946790,0.981339,1.007052,1.036636,1.088290,0.999491
pdl_reclaim_long,2368,0.946435,0.981445,1.006981,1.037241,1.089868,0.999491
pdl_reclaim_long,2442,0.946285,0.981557,1.007641,1.038465,1.090545,0.999491
pdl_reclaim_long,2516,0.946842,0.981065,1.007529,1.039585,1.094005,0.986581
pdl_reclaim_long,2590,0.945407,0.981085,1.007821,1.040260,1.095710,0.986581
pdl_reclaim_long,2664,0.943988,0.980732,1.008594,1.041200,1.097838,0.986581
pdl_reclaim_long,2738,0.943089,0.980673,1.009513,1.041688,1.098331,0.986581
pdl_reclaim_long,2812,0.942166,0.980962,1.009109,1.042841,1.099437,0.986581
pdl_reclaim_long,2886,0.942489,0.981180,1.009813,1.043604,1.100920,0.986581
pdl_reclaim_long,2960,0.941274,0.980795,1.010393,1.044459,1.104136,0.976684
pdl_reclaim_long,3034,0.941547,0.980218,1.010884,1.045621,1.104261,0.976684
pdl_reclaim_long,3108,0.940387,0.979897,1.010872,1.046426,1.104264,0.976684
pdl_reclaim_long,3182,0.939850,0.979556,1.011072,1.047268,1.106069,1.021244
pdl_reclaim_long,3256,0.939792,0.979556,1.011212,1.048359,1.107780,1.010390
pdl_reclaim_long,3330,0.938591,0.979412,1.011389,1.047906,1.109187,1.015089
pdl_reclaim_long,3404,0.938157,0.979724,1.012058,1.049514,1.109251,1.003698
pdl_reclaim_long,3478,0.936890,0.979642,1.012233,1.050512,1.111399,1.003698
pdl_reclaim_long,3552,0.935818,0.979642,1.012379,1.051062,1.112221,1.003698
pdl_reclaim_long,3626,0.935376,0.979127,1.012475,1.052304,1.113440,0.993560
pdl_reclaim_long,3700,0.935083,0.979176,1.012941,1.053804,1.115084,0.993560
pdl_reclaim_long,3774,0.934828,0.979163,1.012989,1.053778,1.116018,0.993560
pdl_reclaim_long,3848,0.932438,0.979231,1.013411,1.053931,1.116406,0.995230
pdl_reclaim_long,3922,0.932109,0.979356,1.013848,1.054478,1.118371,1.041261
pdl_reclaim_long,3996,0.932084,0.979907,1.013755,1.055478,1.119148,1.041261
pdl_reclaim_long,4070,0.931862,0.979488,1.014066,1.056200,1.121016,1.039879
pdl_reclaim_long,4144,0.931722,0.979303,1.014636,1.056946,1.121831,1.033985
pdl_reclaim_long,4218,0.930972,0.979295,1.015024,1.056527,1.123271,1.033985
pdl_reclaim_long,4292,0.930876,0.979351,1.015669,1.057170,1.124758,1.033985
pdl_reclaim_long,4366,0.930159,0.979312,1.016476,1.057992,1.126924,1.033985
pdl_reclaim_long,4440,0.930086,0.979315,1.017208,1.058871,1.127850,1.033985
pdl_reclaim_long,4514,0.929640,0.979550,1.017535,1.059405,1.130900,1.029990
pdl_reclaim_long,4588,0.928362,0.979019,1.017484,1.060135,1.131556,1.012954
pdl_reclaim_long,4662,0.928341,0.979079,1.017780,1.060503,1.133765,1.021831
pdl_reclaim_long,4736,0.927475,0.978702,1.017874,1.061124,1.134121,1.017444
pdl_reclaim_long,4810,0.925277,0.978470,1.018323,1.061618,1.135003,1.017444
pdl_reclaim_long,4884,0.926245,0.977677,1.019004,1.061993,1.135259,1.017444
pdl_reclaim_long,4958,0.926030,0.978155,1.019274,1.062786,1.136388,1.017444
pdl_reclaim_long,5032,0.925779,0.978749,1.018610,1.063256,1.138600,1.017444
pdl_reclaim_long,5106,0.924813,0.979156,1.018650,1.064606,1.139572,1.017444
pdl_reclaim_long,5180,0.924813,0.979276,1.018607,1.065280,1.139631,1.017444
pdl_reclaim_long,5254,0.924728,0.979570,1.019033,1.066079,1.140537,1.017444
pdl_reclaim_long,5328,0.924806,0.979484,1.020362,1.066947,1.143187,1.017444
pdl_reclaim_long,5402,0.924781,0.979528,1.021026,1.067340,1.143834,1.017444
pdl_reclaim_long,5476,0.924731,0.979272,1.021128,1.068216,1.146343,1.009730
pdl_reclaim_long,5550,0.923993,0.979202,1.021473,1.068568,1.149026,1.009730
pdl_reclaim_long,5624,0.923689,0.979049,1.021687,1.069336,1.148775,1.009730
pdl_reclaim_long,5698,0.923467,0.979165,1.022027,1.070628,1.150679,0.996314
pdl_reclaim_long,5772,0.922942,0.978982,1.022596,1.071576,1.150760,0.996314
pdl_reclaim_long,5846,0.922866,0.979162,1.022386,1.072886,1.152105,0.996314
pdl_reclaim_long,5920,0.922828,0.979062,1.022305,1.073235,1.152347,0.998399
pdl_reclaim_long,5994,0.922063,0.978991,1.022476,1.074058,1.155950,1.003200
pdl_reclaim_long,6068,0.922540,0.978993,1.022748,1.075375,1.157550,1.003200
pdl_reclaim_long,6142,0.922626,0.978873,1.022748,1.075653,1.157640,1.003200
pdl_reclaim_long,6216,0.922029,0.979040,1.022622,1.076238,1.158440,1.003200
pdl_reclaim_long,6290,0.920647,0.978863,1.023482,1.077596,1.159736,0.991437
pdl_reclaim_long,6364,0.919620,0.978738,1.023396,1.077787,1.159814,0.985896
pdl_reclaim_long,6438,0.918977,0.978914,1.023609,1.078138,1.163147,0.985896
pdl_reclaim_long,6512,0.919097,0.978725,1.023533,1.078641,1.165307,0.985896
pdl_reclaim_long,6586,0.917701,0.977895,1.024111,1.079377,1.167595,0.985896
pdl_reclaim_long,6660,0.917504,0.977612,1.024885,1.080304,1.168668,0.985896
pdl_reclaim_long,6734,0.917002,0.977518,1.024740,1.080397,1.172186,0.985896
pdl_reclaim_long,6808,0.917887,0.977831,1.025202,1.081105,1.172629,0.985896
pdl_reclaim_long,6882,0.917065,0.977905,1.025507,1.082028,1.174917,0.985896
pdl_reclaim_long,6956,0.914697,0.977790,1.025726,1.082476,1.177689,0.985896
pdl_reclaim_long,7030,0.914728,0.977661,1.026121,1.082278,1.176160,0.985896
pdl_reclaim_long,7104,0.914728,0.978559,1.025610,1.082842,1.177014,0.985896
pdl_reclaim_long,7178,0.914269,0.978279,1.026321,1.083789,1.177766,0.995837
pdl_reclaim_long,7252,0.914804,0.978717,1.026621,1.084609,1.179845,0.995837
pdl_reclaim_long,7326,0.914654,0.978830,1.027005,1.085567,1.182255,0.995837
pdl_reclaim_long,7400,0.913837,0.978453,1.026851,1.086024,1.182547,0.995837
pdl_reclaim_long,7474,0.914664,0.979212,1.027737,1.085898,1.183499,0.995837
pdl_reclaim_long,7548,0.915266,0.979223,1.028245,1.087001,1.186460,1.005239
pdl_reclaim_long,7622,0.914777,0.979509,1.028430,1.087079,1.187721,0.997601
pdl_reclaim_long,7696,0.915307,0.979144,1.028948,1.087497,1.188575,0.997601
pdl_reclaim_long,7770,0.915263,0.979369,1.029253,1.087909,1.187438,1.002856
pdl_reclaim_long,7844,0.915068,0.979477,1.029738,1.089007,1.188884,1.002856
pdl_reclaim_long,7918,0.913775,0.980353,1.030049,1.090014,1.189462,1.001517
pdl_reclaim_long,7992,0.913388,0.980257,1.029885,1.090859,1.188924,1.010303
pdl_reclaim_long,8066,0.913249,0.979988,1.030062,1.090987,1.190574,1.031944
pdl_reclaim_long,8140,0.913713,0.980246,1.029602,1.091338,1.190576,1.031944
pdl_reclaim_long,8214,0.913500,0.980351,1.029504,1.091952,1.189533,1.031944
pdl_reclaim_long,8288,0.913079,0.980469,1.030317,1.092863,1.188550,1.031944
pdl_reclaim_long,8362,0.912711,0.980569,1.031009,1.092633,1.190575,1.031944
pdl_reclaim_long,8436,0.913204,0.980457,1.031040,1.094084,1.192511,1.033137
pdl_reclaim_long,8510,0.913169,0.980823,1.031564,1.094017,1.193859,1.033137
pdl_reclaim_long,8584,0.912046,0.980492,1.031665,1.094895,1.194660,1.033137
pdl_reclaim_long,8658,0.912042,0.980689,1.033104,1.095873,1.195577,1.037955
pdl_reclaim_long,8732,0.912352,0.980492,1.033226,1.097370,1.196876,1.037955
pdl_reclaim_long,8806,0.912711,0.980003,1.033500,1.097526,1.199712,1.060960
pdl_reclaim_long,8880,0.912751,0.980077,1.033531,1.098074,1.200864,1.060880
pdl_reclaim_long,8954,0.910886,0.979813,1.033657,1.099111,1.201799,1.070477
pdl_reclaim_long,9028,0.910886,0.979861,1.034800,1.099797,1.202695,1.066091
pdl_reclaim_long,9102,0.910307,0.979686,1.034904,1.100944,1.204016,1.066091
pdl_reclaim_long,9176,0.910077,0.979656,1.035897,1.100957,1.205654,1.066091
pdl_reclaim_long,9250,0.909198,0.979556,1.036205,1.101458,1.204789,1.076216
pdl_reclaim_long,9324,0.908478,0.979823,1.035886,1.102115,1.204789,1.076216
pdl_reclaim_long,9398,0.907853,0.979456,1.035972,1.102967,1.206187,1.082176
pdl_reclaim_long,9472,0.908062,0.979853,1.036093,1.103942,1.208322,1.082176
pdl_reclaim_long,9546,0.909303,0.979562,1.036718,1.104459,1.208727,1.082176
pdl_reclaim_long,9620,0.909281,0.980207,1.037041,1.106042,1.209750,1.082176
pdl_reclaim_long,9694,0.909281,0.980504,1.037088,1.105668,1.211539,1.070939
pdl_reclaim_long,9768,0.909303,0.980328,1.037233,1.105850,1.211806,1.070939
pdl_reclaim_long,9842,0.907978,0.981729,1.037829,1.106505,1.214726,1.070939
pdl_reclaim_long,9916,0.907072,0.980773,1.037683,1.106348,1.215361,1.070939
pdl_reclaim_long,9990,0.905977,0.980144,1.038214,1.106510,1.216515,1.084267
pdl_reclaim_long,10064,0.905059,0.980447,1.038720,1.106843,1.217319,1.079491
pdl_reclaim_long,10138,0.905443,0.981808,1.038774,1.107290,1.217333,1.097284
pdl_reclaim_long,10212,0.905288,0.981664,1.039028,1.108424,1.218396,1.097284
pdl_reclaim_long,10286,0.904534,0.982030,1.040537,1.110227,1.218194,1.097284
pdl_reclaim_long,10360,0.903614,0.981504,1.040835,1.110227,1.218868,1.097284
pdl_reclaim_long,10434,0.902246,0.980875,1.040736,1.110745,1.221166,1.097284
pdl_reclaim_long,10508,0.902355,0.980417,1.040853,1.111128,1.220224,1.097284
pdl_reclaim_long,10582,0.902355,0.980423,1.041112,1.111792,1.221760,1.097284
pdl_reclaim_long,10656,0.902290,0.980470,1.041713,1.112196,1.222009,1.097284
pdl_reclaim_long,10730,0.901882,0.980570,1.042175,1.112590,1.223214,1.097284
pdl_reclaim_long,10804,0.901882,0.980841,1.042895,1.111962,1.224002,1.097284
pdl_reclaim_long,10878,0.902242,0.981297,1.043185,1.113091,1.225860,1.097284
pdl_reclaim_long,10952,0.901859,0.981731,1.043295,1.113115,1.224376,1.089936
pdl_reclaim_long,11026,0.901211,0.981776,1.043933,1.113099,1.226853,1.089936
pdl_reclaim_long,11100,0.901600,0.981872,1.043963,1.114386,1.227566,1.089936
pdl_reclaim_long,11174,0.899948,0.982021,1.044733,1.116262,1.229262,1.094259
pdl_reclaim_long,11248,0.899633,0.982034,1.045251,1.115867,1.231163,1.096250
pdl_reclaim_long,11322,0.899812,0.981669,1.045621,1.116011,1.233460,1.096321
pdl_reclaim_long,11396,0.899535,0.981132,1.045711,1.117342,1.234578,1.096321
pdl_reclaim_long,11470,0.898468,0.981494,1.046325,1.118215,1.233973,1.096321
pdl_reclaim_long,11544,0.897815,0.981670,1.046593,1.117950,1.234940,1.072601
pdl_reclaim_long,11618,0.898502,0.982031,1.046602,1.118015,1.236449,1.073101
pdl_reclaim_long,11692,0.898202,0.982040,1.046495,1.119665,1.234873,1.073101
pdl_reclaim_long,11766,0.898491,0.982865,1.046388,1.121074,1.236835,1.073101
pdl_reclaim_long,11840,0.898424,0.982885,1.047271,1.121141,1.240459,1.073101
pdl_reclaim_long,11914,0.898548,0.982583,1.047824,1.120831,1.243500,1.073101
pdl_reclaim_long,11988,0.898472,0.982419,1.048654,1.120875,1.243502,1.073587
pdl_reclaim_long,12062,0.897828,0.983354,1.048603,1.121574,1.243645,1.073587
pdl_reclaim_long,12136,0.898342,0.983980,1.049013,1.121632,1.243833,1.072944
pdl_reclaim_long,12210,0.898753,0.984046,1.048930,1.122377,1.246540,1.072944
pdl_reclaim_long,12284,0.898753,0.984342,1.049782,1.122405,1.247355,1.072944
pdl_reclaim_long,12358,0.898753,0.984290,1.050630,1.124087,1.248118,1.078354
pdl_reclaim_long,12432,0.898753,0.985027,1.050381,1.124602,1.248634,1.078354
pdl_reclaim_long,12506,0.898753,0.985650,1.050864,1.125289,1.248782,1.063391
pdl_reclaim_long,12580,0.898339,0.985316,1.050630,1.124481,1.249026,1.063391
pdl_reclaim_long,12654,0.897867,0.985972,1.050649,1.124478,1.250344,1.063391
pdl_reclaim_long,12728,0.898191,0.986138,1.051126,1.124809,1.252693,1.063391
pdl_reclaim_long,12802,0.898044,0.986188,1.052033,1.125332,1.254618,1.063391
pdl_reclaim_long,12876,0.898180,0.985953,1.052840,1.126585,1.256593,1.063525
pdl_reclaim_long,12950,0.898333,0.985702,1.053386,1.128285,1.257038,1.063525
pdl_reclaim_long,13024,0.898101,0.985700,1.053697,1.128665,1.257158,1.056539
pdl_reclaim_long,13098,0.896546,0.986280,1.054584,1.130030,1.259380,1.055504
pdl_reclaim_long,13172,0.896592,0.986843,1.054027,1.130983,1.260799,1.055504
pdl_reclaim_long,13246,0.896455,0.987018,1.054467,1.132271,1.261452,1.055504
pdl_reclaim_long,13320,0.896104,0.986947,1.054923,1.132912,1.264028,1.074276
pdl_reclaim_long,13394,0.896458,0.986783,1.055264,1.133079,1.265019,1.074276
pdl_reclaim_long,13468,0.897148,0.986553,1.055224,1.132664,1.265784,1.074276
pdl_reclaim_long,13542,0.897537,0.987125,1.056293,1.132889,1.266234,1.074276
pdl_reclaim_long,13616,0.897721,0.987605,1.056606,1.133451,1.267548,1.074276
pdl_reclaim_long,13690,0.898493,0.987628,1.056034,1.134921,1.272035,1.074276
pdl_reclaim_long,13764,0.898096,0.987907,1.056866,1.135797,1.272035,1.074276
pdl_reclaim_long,13838,0.897691,0.987683,1.057785,1.136667,1.273046,1.074276
pdl_reclaim_long,13912,0.897763,0.987822,1.057732,1.136925,1.274117,1.074276
pdl_reclaim_long,13986,0.897107,0.987984,1.058308,1.138076,1.275090,1.068923
pdl_reclaim_long,14060,0.897863,0.988218,1.057709,1.139025,1.275090,1.079344
pdl_reclaim_long,14134,0.896724,0.987549,1.058109,1.140166,1.275213,1.079344
pdl_reclaim_long,14208,0.896077,0.986831,1.058378,1.139861,1.275280,1.079344
pdl_reclaim_long,14282,0.896149,0.987389,1.058943,1.140153,1.275190,1.079344
pdl_reclaim_long,14356,0.895951,0.987732,1.059138,1.138777,1.276640,1.079344
pdl_reclaim_long,14430,0.895322,0.987474,1.059509,1.141111,1.276775,1.100877
pdl_reclaim_long,14504,0.894484,0.987699,1.059781,1.141111,1.277811,1.119509
pdl_reclaim_long,14578,0.893751,0.988461,1.060093,1.141357,1.282376,1.100068
pdl_reclaim_long,14652,0.894910,0.988552,1.060174,1.141954,1.283075,1.114050
pdl_reclaim_long,14726,0.896171,0.988856,1.059646,1.142480,1.284311,1.114050
pdl_reclaim_long,14800,0.895933,0.988856,1.060174,1.143932,1.286671,1.114050
pdl_reclaim_long,14874,0.895131,0.988089,1.060506,1.144671,1.286117,1.114050
pdl_reclaim_long,14948,0.894946,0.988682,1.060787,1.144921,1.285224,1.135998
pdl_reclaim_long,15022,0.894612,0.987980,1.060835,1.144921,1.286306,1.135998
pdl_reclaim_long,15096,0.896166,0.988796,1.061504,1.146075,1.288465,1.135998
pdl_reclaim_long,15170,0.896288,0.989193,1.061374,1.145842,1.287295,1.135998
pdl_reclaim_long,15244,0.895669,0.988964,1.061281,1.145238,1.288244,1.135998
pdl_reclaim_long,15318,0.895247,0.988417,1.062991,1.145842,1.289420,1.135998
pdl_reclaim_long,15392,0.895280,0.988299,1.063091,1.145877,1.289654,1.135998
pdl_reclaim_long,15466,0.895601,0.988213,1.062804,1.147385,1.291117,1.135998
pdl_reclaim_long,15540,0.895202,0.988150,1.064130,1.148638,1.291327,1.135998
pdl_reclaim_long,15614,0.895278,0.988150,1.063757,1.148849,1.290716,1.135998
pdl_reclaim_long,15688,0.894514,0.989281,1.063709,1.148607,1.290066,1.126788
pdl_reclaim_long,15762,0.894387,0.989992,1.064373,1.149497,1.290321,1.126788
pdl_reclaim_long,15836,0.895804,0.989569,1.064736,1.150282,1.290040,1.126788
pdl_reclaim_long,15910,0.895062,0.989832,1.065573,1.151130,1.290203,1.126788
pdl_reclaim_long,15984,0.893921,0.990243,1.065623,1.152069,1.294169,1.126788
pdl_reclaim_long,16058,0.893921,0.990933,1.065755,1.152261,1.298396,1.126788
pdl_reclaim_long,16132,0.893880,0.990617,1.066988,1.153474,1.299251,1.126788
pdl_reclaim_long,16206,0.895381,0.991028,1.068120,1.153981,1.299376,1.126788
pdl_reclaim_long,16280,0.895538,0.991332,1.068365,1.155832,1.300128,1.126788
pdl_reclaim_long,16354,0.895102,0.989746,1.068728,1.155966,1.300109,1.126788
pdl_reclaim_long,16428,0.894295,0.990478,1.068952,1.155095,1.301320,1.126788
pdl_reclaim_long,16502,0.894290,0.990422,1.069358,1.156466,1.300104,1.126788
pdl_reclaim_long,16576,0.894361,0.990049,1.069447,1.156544,1.300939,1.126788
pdl_reclaim_long,16650,0.890890,0.991028,1.069391,1.158771,1.304232,1.137925
pdl_reclaim_long,16724,0.890594,0.991033,1.069565,1.158771,1.304242,1.139266
pdl_reclaim_long,16798,0.890610,0.991303,1.069447,1.159155,1.307103,1.139266
pdl_reclaim_long,16872,0.890600,0.991445,1.069652,1.159174,1.305200,1.139266
pdl_reclaim_long,16946,0.890238,0.990684,1.071037,1.159360,1.305164,1.139266
pdl_reclaim_long,17020,0.891579,0.991093,1.071284,1.159419,1.306750,1.139266
pdl_reclaim_long,17094,0.891323,0.991278,1.072733,1.160611,1.307444,1.139266
pdl_reclaim_long,17168,0.891867,0.991202,1.072723,1.161405,1.310943,1.139266
pdl_reclaim_long,17242,0.891974,0.991250,1.072641,1.161397,1.312047,1.139266
pdl_reclaim_long,17316,0.892107,0.991156,1.072623,1.161885,1.312580,1.139266
pdl_reclaim_long,17390,0.892107,0.990806,1.073493,1.163403,1.314311,1.139266
pdl_reclaim_long,17464,0.890427,0.991278,1.073435,1.165312,1.318862,1.118549
pdl_reclaim_long,17538,0.890201,0.991439,1.074318,1.165324,1.320137,1.118549
pdl_reclaim_long,17612,0.892018,0.991938,1.075125,1.166425,1.317680,1.105800
pdl_reclaim_long,17686,0.893448,0.992032,1.075383,1.166292,1.320137,1.105800
pdl_reclaim_long,17760,0.892938,0.992062,1.075225,1.166425,1.320039,1.105800
pdl_reclaim_long,17834,0.893494,0.991991,1.074854,1.166642,1.321120,1.122044
pdl_reclaim_long,17908,0.893711,0.991453,1.075137,1.166909,1.324252,1.122044
pdl_reclaim_long,17982,0.893798,0.992122,1.076027,1.167459,1.326272,1.125400
pdl_reclaim_long,18056,0.893798,0.992006,1.075569,1.168059,1.324768,1.130436
pdl_reclaim_long,18130,0.893220,0.991881,1.076741,1.168734,1.327471,1.130436
pdl_reclaim_long,18204,0.893545,0.991542,1.077018,1.169342,1.328192,1.121550
pdl_reclaim_long,18278,0.892832,0.992113,1.078662,1.169378,1.329636,1.109959
pdl_reclaim_long,18352,0.891735,0.992673,1.079262,1.170289,1.329371,1.109959
pdl_reclaim_long,18426,0.892437,0.992506,1.079052,1.170600,1.330714,1.117656
pdl_reclaim_long,18500,0.889455,0.992972,1.079359,1.170633,1.329662,1.135462
pdl_reclaim_long,18574,0.889425,0.993318,1.079626,1.170968,1.335147,1.121882
pdl_reclaim_long,18648,0.889455,0.993429,1.079522,1.171415,1.338441,1.121882
pdl_reclaim_long,18722,0.889455,0.994170,1.080269,1.172735,1.336796,1.121882
pdl_reclaim_long,18796,0.889451,0.993097,1.080568,1.171891,1.336325,1.121882
pdl_reclaim_long,18870,0.889408,0.993306,1.080171,1.172080,1.336792,1.123037
pdl_reclaim_long,18944,0.889551,0.993866,1.080946,1.173535,1.339134,1.130757
pdl_reclaim_long,19018,0.889551,0.994856,1.081236,1.173582,1.341582,1.133791
pdl_reclaim_long,19092,0.889489,0.994462,1.081391,1.174553,1.342954,1.137656
pdl_reclaim_long,19166,0.890202,0.994202,1.081976,1.174846,1.343227,1.139820
pdl_reclaim_long,19240,0.889209,0.994205,1.082120,1.175671,1.342686,1.142610
pdl_reclaim_long,19314,0.890554,0.994250,1.082299,1.175992,1.344141,1.142610
pdl_reclaim_long,19388,0.890217,0.994205,1.082458,1.176496,1.346050,1.136854
pdl_reclaim_long,19462,0.890497,0.994280,1.082743,1.176810,1.346137,1.136854
pdl_reclaim_long,19536,0.890497,0.994253,1.083703,1.177298,1.345932,1.118202
pdl_reclaim_long,19610,0.890205,0.994277,1.083066,1.176234,1.348832,1.118202
pdl_reclaim_long,19684,0.890197,0.994707,1.083101,1.176914,1.348010,1.118202
pdl_reclaim_long,19758,0.890401,0.995248,1.083197,1.178134,1.348874,1.118202
pdl_reclaim_long,19832,0.890197,0.996044,1.084104,1.179017,1.351869,1.104921
pdl_reclaim_long,19906,0.890197,0.996097,1.083254,1.179824,1.351238,1.104921
pdl_reclaim_long,19980,0.890389,0.996215,1.084104,1.180448,1.351109,1.104921
pdl_reclaim_long,20054,0.889955,0.996122,1.084104,1.180515,1.350773,1.104921
pdl_reclaim_long,20128,0.890392,0.996199,1.084753,1.182557,1.350702,1.104921
pdl_reclaim_long,20202,0.890026,0.996199,1.084735,1.181690,1.352646,1.104921
pdl_reclaim_long,20276,0.890024,0.996196,1.085082,1.182232,1.351537,1.104921
pdl_reclaim_long,20350,0.890411,0.995852,1.086039,1.182592,1.351798,1.090830
pdl_reclaim_long,20424,0.890848,0.995898,1.085306,1.182947,1.352374,1.090830
pdl_reclaim_long,20498,0.890876,0.996545,1.085821,1.183047,1.352916,1.078270
pdl_reclaim_long,20572,0.891420,0.996594,1.086036,1.183030,1.355917,1.086604
pdl_reclaim_long,20646,0.891439,0.996522,1.086882,1.183970,1.358423,1.086604
pdl_reclaim_long,20720,0.890655,0.996619,1.086261,1.184856,1.358423,1.086604
pdl_reclaim_long,20794,0.890835,0.997060,1.086908,1.185839,1.357392,1.086928
pdl_reclaim_long,20868,0.890074,0.997878,1.087005,1.186580,1.358998,1.079495
pdl_reclaim_long,20942,0.889650,0.998723,1.087357,1.186580,1.356588,1.066456
pdl_reclaim_long,21016,0.888773,0.999442,1.088431,1.187865,1.359871,1.066456
pdl_reclaim_long,21090,0.889875,0.999636,1.087582,1.186930,1.363466,1.066456
pdl_reclaim_long,21164,0.890417,1.000320,1.088195,1.186861,1.363043,1.060357
pdl_reclaim_long,21238,0.888347,1.000557,1.088932,1.188436,1.365569,1.060357
pdl_reclaim_long,21312,0.889034,1.001478,1.088550,1.188718,1.363833,1.060357
pdl_reclaim_long,21386,0.890435,1.001532,1.089223,1.188733,1.365479,1.079686
pdl_reclaim_long,21460,0.889510,1.000403,1.089565,1.188681,1.365933,1.079686
pdl_reclaim_long,21534,0.889510,0.999505,1.089890,1.190661,1.368482,1.079686
pdl_reclaim_long,21608,0.887866,0.999074,1.089811,1.192533,1.366791,1.079686
pdl_reclaim_long,21682,0.887688,0.999074,1.090102,1.193286,1.369852,1.079686
pdl_reclaim_long,21756,0.887478,0.999074,1.090129,1.194182,1.370270,1.079686
pdl_reclaim_long,21830,0.887008,0.999951,1.091604,1.195226,1.371679,1.079686
pdl_reclaim_long,21904,0.887211,1.000283,1.092283,1.196005,1.373004,1.088215
pdl_reclaim_long,21978,0.887351,1.000654,1.093283,1.198476,1.374331,1.088215
pdl_reclaim_long,22052,0.885116,1.000731,1.093285,1.198536,1.374559,1.076945
pdl_reclaim_long,22126,0.884484,1.001175,1.093666,1.199111,1.375108,1.076945
pdl_reclaim_long,22200,0.884857,1.001751,1.094136,1.199374,1.376042,1.076945
pdl_reclaim_long,22274,0.886057,1.002041,1.093927,1.199020,1.378141,1.076945
pdl_reclaim_long,22348,0.887330,1.001585,1.094110,1.199337,1.378006,1.076945
pdl_reclaim_long,22422,0.886246,1.002290,1.094977,1.199753,1.377994,1.076945
pdl_reclaim_long,22496,0.884911,1.002884,1.096034,1.200339,1.379905,1.076945
pdl_reclaim_long,22570,0.884696,1.003385,1.096134,1.200044,1.381654,1.076945
pdl_reclaim_long,22644,0.884275,1.003149,1.096735,1.200126,1.385071,1.076945
pdl_reclaim_long,22718,0.884137,1.002902,1.097163,1.202326,1.383504,1.076945
pdl_reclaim_long,22792,0.883345,1.002897,1.097163,1.203083,1.384000,1.076945
pdl_reclaim_long,22866,0.884755,1.002517,1.096923,1.203302,1.383973,1.076945
pdl_reclaim_long,22940,0.883681,1.003172,1.097515,1.203835,1.388291,1.076945
pdl_reclaim_long,23014,0.882920,1.004800,1.097440,1.205109,1.388675,1.076945
pdl_reclaim_long,23088,0.886055,1.004557,1.097440,1.206589,1.390497,1.076945
pdl_reclaim_long,23162,0.885892,1.004397,1.097912,1.205428,1.390562,1.076945
pdl_reclaim_long,23236,0.885003,1.004234,1.098439,1.206407,1.391183,1.076945
pdl_reclaim_long,23310,0.884142,1.004811,1.098616,1.206628,1.391186,1.076945
pdl_reclaim_long,23384,0.883765,1.005317,1.099170,1.206782,1.392870,1.076945
pdl_reclaim_long,23458,0.883889,1.004811,1.100550,1.206936,1.386509,1.076945
pdl_reclaim_long,23532,0.883889,1.005371,1.101439,1.208305,1.390187,1.076945
pdl_reclaim_long,23606,0.883889,1.006661,1.102043,1.210847,1.392870,1.076945
pdl_reclaim_long,23680,0.883576,1.007600,1.102696,1.211931,1.390750,1.076945
pdl_reclaim_long,23754,0.883480,1.007144,1.102420,1.212230,1.394867,1.076945
pdl_reclaim_long,23828,0.883932,1.007144,1.103126,1.211975,1.396409,1.070231
pdl_reclaim_long,23902,0.884068,1.007555,1.103602,1.212748,1.397511,1.070231
pdl_reclaim_long,23976,0.882625,1.007487,1.103920,1.212996,1.403277,1.065618
pdl_reclaim_long,24050,0.881409,1.007655,1.104274,1.212909,1.402414,1.065618
pdl_reclaim_long,24124,0.882886,1.008797,1.104357,1.213620,1.401064,1.052202
pdl_reclaim_long,24198,0.883369,1.007722,1.104412,1.214656,1.401579,1.052202
pdl_reclaim_long,24272,0.882746,1.006684,1.104522,1.214744,1.402802,1.053590
pdl_reclaim_long,24346,0.883105,1.007216,1.105302,1.215935,1.404366,1.046760
pdl_reclaim_long,24420,0.883516,1.008268,1.105202,1.216192,1.404977,1.036687
pdl_reclaim_long,24494,0.882832,1.008797,1.106286,1.216035,1.404573,1.042806
pdl_reclaim_long,24568,0.883345,1.009546,1.106345,1.216345,1.404569,1.042806
pdl_reclaim_long,24642,0.883796,1.008927,1.106724,1.216590,1.404060,1.113022
pdl_reclaim_long,24716,0.884644,1.008978,1.107293,1.218378,1.404509,1.113022
pdl_reclaim_long,24790,0.884257,1.009388,1.108012,1.218488,1.404985,1.113022
pdl_reclaim_long,24864,0.883345,1.008753,1.108938,1.219721,1.408002,1.113022
pdl_reclaim_long,24938,0.884398,1.009563,1.109152,1.219573,1.411912,1.118826
pdl_reclaim_long,25012,0.885399,1.009388,1.110206,1.219682,1.415579,1.118826
pdl_reclaim_long,25086,0.885463,1.010135,1.110928,1.221918,1.417326,1.122520
pdl_reclaim_long,25160,0.885398,1.011200,1.110979,1.221229,1.417495,1.111308
pdl_reclaim_long,25234,0.885065,1.010533,1.111415,1.223448,1.420544,1.137496
pdl_reclaim_long,25308,0.885353,1.010227,1.111551,1.223178,1.421593,1.137496
pdl_reclaim_long,25382,0.884839,1.009697,1.112567,1.223450,1.419935,1.122663
pdl_reclaim_long,25456,0.883020,1.010636,1.113447,1.224475,1.417346,1.122663
pdl_reclaim_long,25530,0.882496,1.009379,1.113804,1.224203,1.418053,1.075373
pdl_reclaim_long,25604,0.883022,1.009614,1.113952,1.226600,1.419809,1.075373
pdl_reclaim_long,25678,0.882986,1.010054,1.115362,1.226544,1.421255,1.075373
pdl_reclaim_long,25752,0.883017,1.010431,1.116292,1.226726,1.422469,1.075373
pdl_reclaim_long,25826,0.882549,1.012207,1.116588,1.226843,1.425201,1.098994
pdl_reclaim_long,25900,0.882526,1.011579,1.116308,1.227922,1.422832,1.141160
pdl_reclaim_long,25974,0.882716,1.011928,1.116308,1.230458,1.423221,1.141160
pdl_reclaim_long,26048,0.883641,1.011637,1.116166,1.231344,1.425307,1.141160
pdl_reclaim_long,26122,0.884132,1.011401,1.115884,1.231344,1.429653,1.141160
pdl_reclaim_long,26196,0.884583,1.012331,1.116079,1.231458,1.429716,1.141160
pdl_reclaim_long,26270,0.884132,1.012743,1.116411,1.231712,1.430521,1.141160
pdl_reclaim_long,26344,0.884132,1.012622,1.116572,1.232537,1.432945,1.141160
pdl_reclaim_long,26418,0.886217,1.012582,1.117448,1.233494,1.433493,1.141160
pdl_reclaim_long,26492,0.886138,1.012988,1.117641,1.234484,1.434557,1.132209
pdl_reclaim_long,26566,0.885837,1.013118,1.117982,1.235030,1.432156,1.132209
pdl_reclaim_long,26640,0.885893,1.012520,1.119265,1.233892,1.432170,1.132209
pdl_reclaim_long,26714,0.885893,1.012520,1.119322,1.234484,1.433808,1.132209
pdl_reclaim_long,26788,0.884614,1.012110,1.119099,1.235001,1.436081,1.132209
pdl_reclaim_long,26862,0.883490,1.012537,1.119322,1.235325,1.436259,1.132209
pdl_reclaim_long,26936,0.884824,1.012400,1.120369,1.235092,1.437076,1.132209
pdl_reclaim_long,27010,0.885258,1.013878,1.119816,1.236876,1.436341,1.132209
pdl_reclaim_long,27084,0.883158,1.013998,1.119946,1.237841,1.437726,1.132209
pdl_reclaim_long,27158,0.884933,1.014393,1.120929,1.239169,1.437916,1.132209
pdl_reclaim_long,27232,0.885247,1.013738,1.121858,1.239260,1.439662,1.132209
pdl_reclaim_long,27306,0.885298,1.012826,1.121539,1.240042,1.440639,1.132209
pdl_reclaim_long,27380,0.884726,1.012732,1.121428,1.240725,1.442109,1.132209
pdl_reclaim_long,27454,0.884404,1.013200,1.121049,1.240292,1.442685,1.132209
pdl_reclaim_long,27528,0.885723,1.013376,1.122098,1.240787,1.442054,1.132209
pdl_reclaim_long,27602,0.885954,1.013736,1.122025,1.242940,1.443234,1.132209
pdl_reclaim_long,27676,0.885979,1.013919,1.122154,1.243037,1.442082,1.131339
pdl_reclaim_long,27750,0.886335,1.014321,1.122618,1.242637,1.442082,1.131339
pdl_reclaim_long,27824,0.885979,1.014052,1.123015,1.244111,1.442122,1.131339
pdl_reclaim_long,27898,0.885212,1.014155,1.123408,1.243645,1.443234,1.131339
pdl_reclaim_long,27972,0.885448,1.014358,1.123855,1.245340,1.445871,1.131339
pdl_reclaim_long,28046,0.885942,1.014585,1.124246,1.245272,1.447353,1.131339
pdl_reclaim_long,28120,0.884964,1.014713,1.124047,1.245665,1.449767,1.131339
pdl_reclaim_long,28194,0.884861,1.014713,1.124578,1.246128,1.448589,1.131339
pdl_reclaim_long,28268,0.884364,1.014713,1.126096,1.246336,1.449788,1.131339
pdl_reclaim_long,28342,0.885091,1.015521,1.126160,1.247216,1.451745,1.116460
pdl_reclaim_long,28416,0.885365,1.015048,1.126427,1.248011,1.452920,1.116460
pdl_reclaim_long,28490,0.885801,1.015630,1.127432,1.248569,1.452920,1.116460
pdl_reclaim_long,28564,0.885365,1.016251,1.127428,1.248715,1.454838,1.116460
pdl_reclaim_long,28638,0.884158,1.015870,1.127582,1.249455,1.457734,1.116460
pdl_reclaim_long,28712,0.884421,1.015755,1.127934,1.249812,1.457903,1.116460
pdl_reclaim_long,28786,0.884464,1.016044,1.128200,1.249658,1.457903,1.116460
pdl_reclaim_long,28860,0.884436,1.015621,1.127934,1.250084,1.458866,1.116460
pdl_reclaim_long,28934,0.883749,1.015737,1.127682,1.251505,1.467245,1.116460
pdl_reclaim_long,29008,0.883515,1.015737,1.128100,1.250916,1.468207,1.116460
pdl_reclaim_long,29082,0.882511,1.015979,1.127682,1.252282,1.465844,1.116460
pdl_reclaim_long,29156,0.883598,1.016179,1.127650,1.251799,1.466156,1.116460
pdl_reclaim_long,29230,0.883176,1.016288,1.128738,1.252408,1.472559,1.116460
pdl_reclaim_long,29304,0.882420,1.016864,1.129306,1.252454,1.468967,1.116460
pdl_reclaim_long,29378,0.883410,1.016418,1.129574,1.252752,1.468967,1.116460
pdl_reclaim_long,29452,0.882632,1.016891,1.129771,1.252993,1.469760,1.116460
pdl_reclaim_long,29526,0.882632,1.016937,1.131367,1.254170,1.469568,1.116460
pdl_reclaim_long,29600,0.882237,1.016873,1.131367,1.254311,1.470488,1.116460
pdl_reclaim_long,29674,0.882187,1.016891,1.131394,1.254091,1.471272,1.116460
pdl_reclaim_long,29748,0.881826,1.016751,1.132034,1.255004,1.474385,1.116460
pdl_reclaim_long,29822,0.881195,1.016897,1.131920,1.256445,1.471384,1.149554
pdl_reclaim_long,29896,0.881636,1.018636,1.131883,1.257213,1.472218,1.166105
pdl_reclaim_long,29970,0.879617,1.019572,1.131808,1.257188,1.473277,1.166105
pdl_reclaim_long,30044,0.880198,1.018759,1.132817,1.258700,1.473811,1.166105
pdl_reclaim_long,30118,0.882166,1.019313,1.132378,1.259276,1.470349,1.166105
pdl_reclaim_long,30192,0.881614,1.019974,1.132997,1.258510,1.469783,1.183447
pdl_reclaim_long,30266,0.881030,1.019818,1.133630,1.259369,1.470308,1.183447
pdl_reclaim_long,30340,0.881657,1.020483,1.134166,1.259903,1.472032,1.183447
pdl_reclaim_long,30414,0.880436,1.020169,1.134962,1.260239,1.474405,1.183447
pdl_reclaim_long,30488,0.880463,1.020115,1.135189,1.262652,1.475679,1.183447
pdl_reclaim_long,30562,0.880543,1.020479,1.135087,1.263528,1.476266,1.183447
pdl_reclaim_long,30636,0.881672,1.019237,1.135174,1.264638,1.475192,1.183447
pdl_reclaim_long,30710,0.881672,1.019483,1.136146,1.265415,1.475702,1.183447
pdl_reclaim_long,30784,0.881619,1.020101,1.136190,1.266541,1.475760,1.183447
pdl_reclaim_long,30858,0.882446,1.020591,1.136653,1.266808,1.480361,1.183447
pdl_reclaim_long,30932,0.881600,1.020968,1.136888,1.266410,1.480361,1.169280
pdl_reclaim_long,31006,0.880941,1.020552,1.137098,1.267162,1.478314,1.169280
pdl_reclaim_long,31080,0.880941,1.020231,1.137640,1.267432,1.479695,1.169280
pdl_reclaim_long,31154,0.880941,1.020657,1.137253,1.267527,1.480304,1.169280
pdl_reclaim_long,31228,0.880936,1.021434,1.138177,1.267465,1.480277,1.169280
pdl_reclaim_long,31302,0.882784,1.022432,1.137640,1.266747,1.482445,1.169280
pdl_reclaim_long,31376,0.879243,1.022282,1.137544,1.266427,1.485377,1.169280
pdl_reclaim_long,31450,0.880401,1.021295,1.137562,1.267817,1.485949,1.169280
pdl_reclaim_long,31524,0.878642,1.021295,1.138388,1.268162,1.488781,1.169280
pdl_reclaim_long,31598,0.878489,1.021834,1.138766,1.269516,1.488779,1.169280
pdl_reclaim_long,31672,0.878378,1.021932,1.138979,1.269784,1.489405,1.169280
pdl_reclaim_long,31746,0.878489,1.022001,1.138952,1.269627,1.489411,1.169280
pdl_reclaim_long,31820,0.878378,1.022807,1.138794,1.269627,1.489042,1.169280
pdl_reclaim_long,31894,0.878052,1.022877,1.139790,1.270070,1.493097,1.169280
pdl_reclaim_long,31968,0.878448,1.023553,1.139951,1.270148,1.495592,1.169280
pdl_reclaim_long,32042,0.878552,1.023896,1.141262,1.270883,1.497083,1.169280
pdl_reclaim_long,32116,0.878448,1.023927,1.141686,1.271823,1.499292,1.169280
pdl_reclaim_long,32190,0.878453,1.023927,1.141686,1.274094,1.500948,1.169280
pdl_reclaim_long,32264,0.879634,1.023888,1.141953,1.275448,1.501178,1.169280
pdl_reclaim_long,32338,0.879843,1.023813,1.141977,1.277319,1.501871,1.169280
volatility_breakout,0,0.995779,1.000000,1.000000,1.000000,1.004262,1.000000
volatility_breakout,74,0.956174,0.993127,1.000000,1.002772,1.050344,1.000000
volatility_breakout,148,0.938777,0.988628,1.000000,1.009658,1.069291,1.000000
volatility_breakout,222,0.919210,0.981086,1.000000,1.013404,1.085922,1.000000
volatility_breakout,296,0.909321,0.976176,1.000000,1.019573,1.100705,1.000000
volatility_breakout,370,0.899027,0.972388,1.000000,1.025567,1.117879,1.000000
volatility_breakout,444,0.895038,0.968242,0.999500,1.028917,1.126769,1.000000
volatility_breakout,518,0.882624,0.965006,0.998619,1.032274,1.139599,1.000000
volatility_breakout,592,0.878416,0.960440,0.998335,1.036678,1.155852,1.000000
volatility_breakout,666,0.871531,0.957891,0.997362,1.039349,1.162961,1.000000
volatility_breakout,740,0.865875,0.955121,0.997734,1.044361,1.170925,1.000000
volatility_breakout,814,0.855905,0.950910,0.996506,1.047242,1.174511,1.000000
volatility_breakout,888,0.853198,0.948010,0.995948,1.050599,1.181775,1.003921
volatility_breakout,962,0.842175,0.944732,0.995920,1.053603,1.193029,1.003921
volatility_breakout,1036,0.833147,0.940395,0.995119,1.058721,1.205127,1.003921
volatility_breakout,1110,0.827918,0.936874,0.995560,1.060069,1.211319,1.003921
volatility_breakout,1184,0.825394,0.934069,0.994463,1.063645,1.220187,1.003921
volatility_breakout,1258,0.819137,0.930385,0.994321,1.067316,1.228716,1.003921
volatility_breakout,1332,0.818255,0.928460,0.995244,1.071944,1.237720,1.003921
volatility_breakout,1406,0.812669,0.925895,0.994832,1.071522,1.245895,1.003921
volatility_breakout,1480,0.808539,0.923043,0.995484,1.073723,1.252921,1.003921
volatility_breakout,1554,0.804205,0.922195,0.994265,1.079095,1.256334,1.003921
volatility_breakout,1628,0.800196,0.920693,0.994738,1.081600,1.263298,1.003921
volatility_breakout,1702,0.795877,0.919012,0.994598,1.085164,1.267142,1.003921
volatility_breakout,1776,0.790271,0.916890,0.995415,1.089290,1.278189,1.003921
volatility_breakout,1850,0.787140,0.915343,0.994371,1.092623,1.288760,1.003921
volatility_breakout,1924,0.785858,0.914232,0.996306,1.096285,1.296016,1.003921
volatility_breakout,1998,0.784789,0.912775,0.995604,1.098225,1.306073,1.003921
volatility_breakout,2072,0.779637,0.910347,0.996627,1.097850,1.313085,1.003921
volatility_breakout,2146,0.776929,0.910441,0.995862,1.102562,1.321719,1.003921
volatility_breakout,2220,0.770072,0.907987,0.996889,1.105407,1.332058,1.003921
volatility_breakout,2294,0.770050,0.905250,0.996798,1.106108,1.339211,1.003921
volatility_breakout,2368,0.761266,0.902880,0.995420,1.109095,1.338961,1.003921
volatility_breakout,2442,0.757545,0.902088,0.994412,1.113829,1.348150,1.003921
volatility_breakout,2516,0.753522,0.899744,0.995475,1.115776,1.349066,1.003921
volatility_breakout,2590,0.752490,0.896488,0.994344,1.115654,1.354536,1.003921
volatility_breakout,2664,0.747386,0.894913,0.995157,1.115923,1.364116,1.013253
volatility_breakout,2738,0.743806,0.894777,0.995070,1.117321,1.370629,1.013253
volatility_breakout,2812,0.740074,0.892433,0.994086,1.117467,1.371109,0.951373
volatility_breakout,2886,0.736797,0.890489,0.994998,1.118339,1.382865,1.080319
volatility_breakout,2960,0.736790,0.890372,0.994184,1.121259,1.389784,1.046768
volatility_breakout,3034,0.730634,0.889047,0.993579,1.123413,1.390128,1.027120
volatility_breakout,3108,0.730366,0.885901,0.993954,1.124708,1.398683,1.038758
volatility_breakout,3182,0.726480,0.883407,0.994391,1.127781,1.395019,1.075957
volatility_breakout,3256,0.723888,0.883134,0.994673,1.128515,1.407030,1.101398
volatility_breakout,3330,0.721656,0.878486,0.993102,1.130106,1.411975,1.072541
volatility_breakout,3404,0.718026,0.876474,0.991067,1.131757,1.415578,0.944414
volatility_breakout,3478,0.715238,0.877075,0.990383,1.131638,1.422610,0.958835
volatility_breakout,3552,0.714417,0.873984,0.990224,1.132771,1.426477,0.966191
volatility_breakout,3626,0.711417,0.870423,0.989781,1.134301,1.431472,0.971750
volatility_breakout,3700,0.710983,0.869312,0.989310,1.133426,1.436606,0.961260
volatility_breakout,3774,0.707406,0.867280,0.989676,1.137887,1.445937,0.980521
volatility_breakout,3848,0.705112,0.865965,0.989460,1.141460,1.445634,1.021990
volatility_breakout,3922,0.699663,0.865949,0.989998,1.144130,1.455351,0.982600
volatility_breakout,3996,0.702656,0.863835,0.990569,1.142575,1.461090,0.995908
volatility_breakout,4070,0.699245,0.863916,0.992460,1.146390,1.470556,1.045330
volatility_breakout,4144,0.691595,0.864326,0.992279,1.147548,1.477622,1.080125
volatility_breakout,4218,0.687449,0.861981,0.992894,1.147651,1.482383,1.029050
volatility_breakout,4292,0.681777,0.859471,0.991833,1.150328,1.483602,1.034662
volatility_breakout,4366,0.676834,0.857145,0.989917,1.150915,1.485658,1.012342
volatility_breakout,4440,0.674407,0.855919,0.990156,1.154835,1.490257,1.012342
volatility_breakout,4514,0.673027,0.854359,0.989985,1.155135,1.492363,1.012342
volatility_breakout,4588,0.675136,0.853378,0.989999,1.158951,1.499171,1.012342
volatility_breakout,4662,0.671819,0.852004,0.988310,1.159310,1.505253,1.012342
volatility_breakout,4736,0.670358,0.852337,0.991899,1.160899,1.507548,1.012342
volatility_breakout,4810,0.669306,0.852245,0.989972,1.162125,1.518974,1.012342
volatility_breakout,4884,0.665996,0.852752,0.989717,1.160224,1.519067,1.012342
volatility_breakout,4958,0.665782,0.851173,0.990103,1.163799,1.519948,1.012342
volatility_breakout,5032,0.661385,0.850415,0.989588,1.159875,1.518244,1.012342
volatility_breakout,5106,0.657796,0.849492,0.990700,1.160638,1.524751,1.012342
volatility_breakout,5180,0.657726,0.847297,0.988678,1.162064,1.520675,1.012342
volatility_breakout,5254,0.655512,0.845559,0.989518,1.167654,1.532741,1.012342
volatility_breakout,5328,0.650568,0.843415,0.989646,1.170387,1.540363,1.012342
volatility_breakout,5402,0.644007,0.842500,0.989625,1.172815,1.545562,1.051223
volatility_breakout,5476,0.645879,0.841154,0.989155,1.174140,1.548943,1.023673
volatility_breakout,5550,0.643973,0.839474,0.989181,1.178444,1.551492,1.019981
volatility_breakout,5624,0.644766,0.835059,0.988674,1.178185,1.562212,1.033609
volatility_breakout,5698,0.641614,0.834755,0.986801,1.179143,1.575908,1.033609
volatility_breakout,5772,0.640848,0.834589,0.989242,1.178823,1.586578,1.033609
volatility_breakout,5846,0.638681,0.832279,0.987045,1.184810,1.586444,1.033609
volatility_breakout,5920,0.638711,0.828822,0.985770,1.185200,1.581559,1.033609
volatility_breakout,5994,0.631992,0.830159,0.987646,1.184523,1.587905,1.033609
volatility_breakout,6068,0.630405,0.829203,0.989272,1.187077,1.597253,1.033609
volatility_breakout,6142,0.630400,0.828434,0.989654,1.191360,1.608479,1.033609
volatility_breakout,6216,0.630484,0.826606,0.990331,1.191830,1.607404,1.033609
volatility_breakout,6290,0.626387,0.828092,0.990183,1.197654,1.605197,1.033609
volatility_breakout,6364,0.625295,0.828589,0.989728,1.195636,1.609667,1.033609
volatility_breakout,6438,0.624071,0.825222,0.990287,1.195454,1.609325,1.033609
volatility_breakout,6512,0.621874,0.824703,0.990244,1.198312,1.620035,1.033609
volatility_breakout,6586,0.618488,0.823819,0.988937,1.198312,1.635541,1.033609
volatility_breakout,6660,0.620964,0.824093,0.987315,1.198746,1.639399,1.033609
volatility_breakout,6734,0.613578,0.824083,0.991824,1.200150,1.639778,1.033609
volatility_breakout,6808,0.613242,0.823666,0.991132,1.204371,1.645814,1.033609
volatility_breakout,6882,0.609772,0.821101,0.987344,1.203461,1.652376,1.033609
volatility_breakout,6956,0.608662,0.822743,0.989050,1.203571,1.657195,1.033609
volatility_breakout,7030,0.607475,0.817560,0.987123,1.205795,1.665844,1.033609
volatility_breakout,7104,0.603411,0.814322,0.990651,1.208252,1.665056,1.033609
volatility_breakout,7178,0.604728,0.816911,0.991247,1.211295,1.668064,1.033609
volatility_breakout,7252,0.599253,0.814109,0.991458,1.210246,1.671685,1.033609
volatility_breakout,7326,0.597147,0.811577,0.991844,1.207100,1.679166,1.033609
volatility_breakout,7400,0.596791,0.812203,0.992552,1.210182,1.689133,1.033609
volatility_breakout,7474,0.591964,0.813531,0.993132,1.215329,1.692088,1.033609
volatility_breakout,7548,0.594517,0.811466,0.989302,1.213377,1.701732,1.033609
volatility_breakout,7622,0.589558,0.809787,0.991240,1.217435,1.705417,1.030912
volatility_breakout,7696,0.587384,0.809137,0.992557,1.220792,1.714982,1.030912
volatility_breakout,7770,0.587890,0.813579,0.989221,1.225034,1.723057,1.030912
volatility_breakout,7844,0.587030,0.812169,0.990682,1.224976,1.730380,1.030912
volatility_breakout,7918,0.584873,0.811035,0.991643,1.219925,1.734663,1.030912
volatility_breakout,7992,0.585757,0.810926,0.991288,1.224391,1.746842,1.030912
volatility_breakout,8066,0.585757,0.809156,0.992374,1.224185,1.753410,1.030912
volatility_breakout,8140,0.583811,0.807665,0.992457,1.225094,1.750587,1.030912
volatility_breakout,8214,0.579687,0.807592,0.993009,1.224826,1.747250,1.030912
volatility_breakout,8288,0.576650,0.806528,0.993984,1.224339,1.748341,1.069067
volatility_breakout,8362,0.573411,0.804750,0.995175,1.228260,1.753050,1.069067
volatility_breakout,8436,0.573411,0.802559,0.997520,1.230329,1.754103,1.069067
volatility_breakout,8510,0.567880,0.798989,0.995464,1.230772,1.763254,1.069067
volatility_breakout,8584,0.569691,0.799146,0.994871,1.234038,1.763338,1.069067
volatility_breakout,8658,0.567963,0.797498,0.996087,1.233828,1.765057,1.069067
volatility_breakout,8732,0.567829,0.796207,0.994662,1.234038,1.766326,1.078630
volatility_breakout,8806,0.565969,0.793804,0.990558,1.237575,1.766433,1.079488
volatility_breakout,8880,0.563817,0.793105,0.993150,1.237175,1.774699,1.079488
volatility_breakout,8954,0.561174,0.793130,0.991095,1.237840,1.779646,1.079488
volatility_breakout,9028,0.558905,0.791798,0.990673,1.239422,1.779650,1.079488
volatility_breakout,9102,0.559755,0.793130,0.991016,1.240787,1.778002,1.079488
volatility_breakout,9176,0.556857,0.791732,0.990728,1.243551,1.787315,1.079488
volatility_breakout,9250,0.554151,0.788675,0.995590,1.246176,1.789056,1.079488
volatility_breakout,9324,0.555548,0.787554,0.990864,1.247964,1.795182,1.079488
volatility_breakout,9398,0.551233,0.785869,0.989515,1.246805,1.797325,1.079488
volatility_breakout,9472,0.546866,0.783009,0.990418,1.246984,1.797428,1.130023
volatility_breakout,9546,0.547842,0.782398,0.989748,1.254390,1.803950,1.133533
volatility_breakout,9620,0.543971,0.781414,0.985883,1.246846,1.805726,1.133533
volatility_breakout,9694,0.543119,0.780943,0.987733,1.252901,1.804849,1.133533
volatility_breakout,9768,0.539281,0.776025,0.987907,1.253952,1.820403,1.133533
volatility_breakout,9842,0.539100,0.777543,0.989975,1.256880,1.815967,1.133533
volatility_breakout,9916,0.540769,0.776325,0.989884,1.255869,1.810679,1.133533
volatility_breakout,9990,0.539052,0.775238,0.985406,1.255115,1.818560,1.133533
volatility_breakout,10064,0.535514,0.773659,0.989130,1.255857,1.816329,1.133533
volatility_breakout,10138,0.533366,0.770558,0.989866,1.255751,1.822620,1.133533
volatility_breakout,10212,0.532117,0.768977,0.990989,1.255808,1.829650,1.133533
volatility_breakout,10286,0.533698,0.767591,0.990651,1.255375,1.849585,1.133533
volatility_breakout,10360,0.531844,0.765612,0.986402,1.259383,1.863308,1.133533
volatility_breakout,10434,0.531938,0.764602,0.990532,1.262059,1.867377,1.128605
volatility_breakout,10508,0.531945,0.766616,0.990389,1.261142,1.858934,1.124936
volatility_breakout,10582,0.527719,0.764533,0.989654,1.264491,1.866949,1.124936
volatility_breakout,10656,0.530354,0.763663,0.987727,1.260853,1.880444,1.124936
volatility_breakout,10730,0.527312,0.763438,0.987553,1.260853,1.895153,1.124936
volatility_breakout,10804,0.525973,0.762357,0.990683,1.261454,1.899637,1.102628
volatility_breakout,10878,0.524201,0.760386,0.989817,1.260768,1.909003,1.102628
volatility_breakout,10952,0.523092,0.759614,0.988619,1.267211,1.906396,1.102628
volatility_breakout,11026,0.522955,0.759443,0.986897,1.264597,1.915959,1.102628
volatility_breakout,11100,0.521739,0.758676,0.988579,1.271454,1.908816,1.102628
volatility_breakout,11174,0.521268,0.758422,0.989376,1.271316,1.926114,1.102628
volatility_breakout,11248,0.518445,0.757814,0.988824,1.276437,1.916397,1.102628
volatility_breakout,11322,0.516896,0.756524,0.990567,1.274609,1.936812,1.102628
volatility_breakout,11396,0.516464,0.756821,0.990757,1.276298,1.947389,1.102628
volatility_breakout,11470,0.510122,0.757276,0.989959,1.282513,1.949475,1.102628
volatility_breakout,11544,0.510019,0.758352,0.986045,1.284368,1.955253,1.102628
volatility_breakout,11618,0.506021,0.756816,0.987751,1.283618,1.955166,1.102628
volatility_breakout,11692,0.505300,0.756990,0.991014,1.282213,1.967393,1.097914
volatility_breakout,11766,0.504946,0.757459,0.988591,1.284379,1.969167,1.100354
volatility_breakout,11840,0.502655,0.754527,0.988239,1.286140,1.981078,1.100354
volatility_breakout,11914,0.495584,0.754061,0.988149,1.284122,1.980086,1.099408
volatility_breakout,11988,0.496422,0.755119,0.987148,1.288877,1.992285,1.099408
volatility_breakout,12062,0.495256,0.751986,0.987641,1.289768,1.989126,1.099408
volatility_breakout,12136,0.491048,0.748677,0.986727,1.290617,1.994345,1.099408
volatility_breakout,12210,0.492118,0.747535,0.987575,1.285476,1.994007,1.099408
volatility_breakout,12284,0.491147,0.747326,0.985326,1.284471,1.995026,1.101147
volatility_breakout,12358,0.487229,0.747260,0.988085,1.290726,2.007428,1.101147
volatility_breakout,12432,0.487757,0.745336,0.985338,1.291145,2.013180,1.091767
volatility_breakout,12506,0.489880,0.743916,0.986150,1.288141,2.027994,1.091767
volatility_breakout,12580,0.488858,0.742891,0.982983,1.290583,2.037872,1.091767
volatility_breakout,12654,0.489976,0.742910,0.982994,1.295842,2.019908,1.094479
volatility_breakout,12728,0.487300,0.743651,0.984553,1.297250,2.034718,1.090787
volatility_breakout,12802,0.488571,0.743581,0.983420,1.296167,2.052360,1.075239
volatility_breakout,12876,0.486941,0.742701,0.982693,1.299568,2.069093,1.067213
volatility_breakout,12950,0.484795,0.741130,0.983316,1.304199,2.056792,1.067213
volatility_breakout,13024,0.485715,0.740282,0.983009,1.304916,2.072949,1.067213
volatility_breakout,13098,0.483510,0.741170,0.986875,1.304698,2.062652,1.067213
volatility_breakout,13172,0.481077,0.740250,0.984839,1.306071,2.075900,1.067213
volatility_breakout,13246,0.478745,0.739741,0.984880,1.306507,2.078457,1.067213
volatility_breakout,13320,0.477386,0.739239,0.983202,1.310764,2.070828,1.067213
volatility_breakout,13394,0.472547,0.738647,0.979768,1.309250,2.084880,1.067213
volatility_breakout,13468,0.472446,0.737351,0.984223,1.309942,2.088940,1.067213
volatility_breakout,13542,0.471799,0.737578,0.986791,1.314041,2.089139,1.067213
volatility_breakout,13616,0.470365,0.735890,0.984418,1.321565,2.101379,1.067213
volatility_breakout,13690,0.467549,0.733635,0.986499,1.325982,2.128507,1.067213
volatility_breakout,13764,0.466632,0.735083,0.987672,1.326636,2.123251,1.024578
volatility_breakout,13838,0.467485,0.733407,0.985920,1.323490,2.143566,1.040838
volatility_breakout,13912,0.466448,0.731903,0.990030,1.324874,2.135307,1.040838
volatility_breakout,13986,0.465655,0.730359,0.987174,1.326185,2.140615,1.040838
volatility_breakout,14060,0.467768,0.733051,0.989043,1.328820,2.161797,1.040838
volatility_breakout,14134,0.467635,0.729287,0.989881,1.331960,2.154579,1.027305
volatility_breakout,14208,0.463711,0.727943,0.988401,1.335664,2.155378,1.019812
volatility_breakout,14282,0.463516,0.728856,0.986878,1.337857,2.170495,1.019812
volatility_breakout,14356,0.462357,0.727122,0.986633,1.333976,2.187824,1.010616
volatility_breakout,14430,0.459085,0.730695,0.985727,1.336186,2.171422,1.010616
volatility_breakout,14504,0.456504,0.730082,0.984809,1.337612,2.174122,1.010616
volatility_breakout,14578,0.456504,0.729640,0.986868,1.334455,2.172675,1.010616
volatility_breakout,14652,0.455630,0.728825,0.985559,1.334607,2.174639,1.010616
volatility_breakout,14726,0.453987,0.728915,0.987255,1.339211,2.195377,1.010616
volatility_breakout,14800,0.447768,0.726822,0.988619,1.343110,2.213340,1.010616
volatility_breakout,14874,0.447125,0.729603,0.988792,1.347430,2.222120,1.010616
volatility_breakout,14948,0.445819,0.727764,0.988553,1.346541,2.223767,0.961411
volatility_breakout,15022,0.442743,0.727620,0.988562,1.350392,2.216489,0.979899
volatility_breakout,15096,0.440832,0.725537,0.987527,1.348100,2.233130,0.979899
volatility_breakout,15170,0.440009,0.723740,0.993701,1.346069,2.208918,0.981122
volatility_breakout,15244,0.435119,0.724057,0.992131,1.348953,2.223426,0.981122
volatility_breakout,15318,0.435623,0.722826,0.991683,1.347887,2.226652,0.981122
volatility_breakout,15392,0.437594,0.720328,0.989168,1.349665,2.248716,0.981122
volatility_breakout,15466,0.438913,0.719194,0.991172,1.354985,2.235585,0.987957
volatility_breakout,15540,0.436110,0.721414,0.989502,1.354280,2.253457,0.992808
volatility_breakout,15614,0.435704,0.720160,0.990447,1.351902,2.256633,1.030544
volatility_breakout,15688,0.435897,0.716617,0.991679,1.354985,2.251179,0.995370
volatility_breakout,15762,0.433215,0.714504,0.990754,1.357471,2.253861,0.992129
volatility_breakout,15836,0.429876,0.715216,0.991573,1.354190,2.276775,1.022768
volatility_breakout,15910,0.429703,0.713352,0.989581,1.355488,2.272366,1.062773
volatility_breakout,15984,0.429726,0.711680,0.987148,1.364300,2.297451,1.065072
volatility_breakout,16058,0.426034,0.713406,0.985533,1.366213,2.283404,1.020249
volatility_breakout,16132,0.423685,0.711330,0.986296,1.366751,2.296187,1.014553
volatility_breakout,16206,0.419744,0.712984,0.983410,1.369060,2.310557,1.035440
volatility_breakout,16280,0.422789,0.712876,0.987725,1.363649,2.317042,1.036553
volatility_breakout,16354,0.422789,0.712095,0.983913,1.365883,2.324601,1.134923
volatility_breakout,16428,0.422160,0.710599,0.987370,1.370552,2.333927,1.178704
volatility_breakout,16502,0.418283,0.710728,0.986787,1.370269,2.335696,1.248636
volatility_breakout,16576,0.414192,0.708322,0.987490,1.370538,2.330750,1.242337
volatility_breakout,16650,0.415364,0.709141,0.987473,1.363707,2.329412,1.229437
volatility_breakout,16724,0.412553,0.708789,0.990345,1.365551,2.329436,1.234149
volatility_breakout,16798,0.411340,0.704499,0.988817,1.372048,2.325470,1.492633
volatility_breakout,16872,0.413478,0.704641,0.987734,1.374106,2.336539,1.462086
volatility_breakout,16946,0.411238,0.704858,0.991108,1.378134,2.349666,1.561549
volatility_breakout,17020,0.412184,0.708447,0.988980,1.374729,2.353273,1.606805
volatility_breakout,17094,0.414608,0.706831,0.992357,1.381049,2.362383,1.693646
volatility_breakout,17168,0.414738,0.706969,0.992199,1.386238,2.360351,1.590396
volatility_breakout,17242,0.414816,0.707659,0.991213,1.388811,2.378587,1.569315
volatility_breakout,17316,0.414086,0.709585,0.987017,1.385339,2.388317,1.457605
volatility_breakout,17390,0.413906,0.706912,0.990157,1.387798,2.390273,1.457605
volatility_breakout,17464,0.411349,0.704197,0.992865,1.388686,2.401021,1.489994
volatility_breakout,17538,0.406086,0.706752,0.993825,1.389758,2.412840,1.492931
volatility_breakout,17612,0.405927,0.706116,0.991306,1.389678,2.417420,1.491137
volatility_breakout,17686,0.401766,0.704685,0.990477,1.393151,2.400966,1.451322
volatility_breakout,17760,0.399653,0.706033,0.988057,1.399379,2.427506,1.416186
volatility_breakout,17834,0.399433,0.703969,0.987644,1.401827,2.438689,1.419928
volatility_breakout,17908,0.397106,0.702198,0.985208,1.398072,2.429887,1.334501
volatility_breakout,17982,0.395805,0.698619,0.982207,1.400411,2.451259,1.375909
volatility_breakout,18056,0.393712,0.698619,0.983743,1.400619,2.451679,1.354437
volatility_breakout,18130,0.393667,0.697376,0.983397,1.405674,2.463016,1.271481
volatility_breakout,18204,0.392847,0.697227,0.982681,1.406093,2.477074,1.259826
volatility_breakout,18278,0.393745,0.695608,0.985235,1.406425,2.491888,1.313076
volatility_breakout,18352,0.394042,0.691685,0.984175,1.405847,2.491042,1.254671
volatility_breakout,18426,0.396872,0.693872,0.987818,1.407884,2.519071,1.212520
volatility_breakout,18500,0.398728,0.694394,0.985629,1.409857,2.505652,1.172837
volatility_breakout,18574,0.395209,0.693828,0.982599,1.410930,2.514122,1.198813
volatility_breakout,18648,0.394422,0.689825,0.985985,1.409868,2.507377,1.200062
volatility_breakout,18722,0.397939,0.690593,0.985350,1.409695,2.531460,1.217652
volatility_breakout,18796,0.397875,0.689945,0.986650,1.409942,2.520232,1.260899
volatility_breakout,18870,0.396714,0.688290,0.986650,1.412785,2.527105,1.247949
volatility_breakout,18944,0.393991,0.687554,0.987290,1.413024,2.487322,1.223531
volatility_breakout,19018,0.391092,0.686102,0.985101,1.412591,2.492306,1.217037
volatility_breakout,19092,0.390755,0.684111,0.981246,1.415808,2.512470,1.246420
volatility_breakout,19166,0.391072,0.683462,0.982915,1.417286,2.508180,1.277322
volatility_breakout,19240,0.389072,0.680580,0.982250,1.417692,2.518060,1.251973
volatility_breakout,19314,0.389091,0.678079,0.981769,1.420869,2.520053,1.235198
volatility_breakout,19388,0.392237,0.677482,0.979887,1.420101,2.522390,1.264912
volatility_breakout,19462,0.390464,0.678418,0.980338,1.424185,2.520251,1.255689
volatility_breakout,19536,0.389045,0.678489,0.982100,1.427083,2.522356,1.255689
volatility_breakout,19610,0.389655,0.677958,0.978975,1.429977,2.542352,1.255689
volatility_breakout,19684,0.389925,0.674468,0.980593,1.430423,2.564245,1.255689
volatility_breakout,19758,0.388261,0.673787,0.979931,1.434676,2.551824,1.255689
volatility_breakout,19832,0.390251,0.674508,0.978704,1.432206,2.562669,1.246035
volatility_breakout,19906,0.386424,0.672996,0.984058,1.437261,2.577921,1.266041
volatility_breakout,19980,0.384882,0.672243,0.980366,1.438689,2.595627,1.265990
volatility_breakout,20054,0.384420,0.670609,0.983695,1.441075,2.586140,1.259486
volatility_breakout,20128,0.384383,0.670932,0.979795,1.437913,2.571331,1.246776
volatility_breakout,20202,0.382552,0.671241,0.976186,1.438260,2.595015,1.239086
volatility_breakout,20276,0.382552,0.668398,0.977637,1.444144,2.588707,1.239086
volatility_breakout,20350,0.378982,0.669563,0.979108,1.435088,2.599314,1.245434
volatility_breakout,20424,0.378059,0.669229,0.979671,1.438341,2.604012,1.223115
volatility_breakout,20498,0.378361,0.666212,0.979716,1.436096,2.621639,1.218549
volatility_breakout,20572,0.376440,0.666955,0.982035,1.438204,2.628910,1.217503
volatility_breakout,20646,0.377217,0.666727,0.979718,1.438204,2.635082,1.235807
volatility_breakout,20720,0.372010,0.668740,0.984173,1.437039,2.635581,1.240075
volatility_breakout,20794,0.371715,0.666286,0.984285,1.440259,2.624824,1.250394
volatility_breakout,20868,0.369117,0.664928,0.981447,1.434556,2.623216,1.251192
volatility_breakout,20942,0.369694,0.664846,0.981324,1.435006,2.643163,1.227206
volatility_breakout,21016,0.369104,0.661127,0.982261,1.433622,2.638518,1.217319
volatility_breakout,21090,0.367920,0.664483,0.979773,1.437451,2.651250,1.221384
volatility_breakout,21164,0.365512,0.661689,0.981610,1.442095,2.655196,1.221384
volatility_breakout,21238,0.364618,0.657795,0.982608,1.446963,2.655175,1.221384
volatility_breakout,21312,0.363262,0.658810,0.986089,1.451996,2.685407,1.221384
volatility_breakout,21386,0.361225,0.658574,0.982788,1.449436,2.685625,1.207948
volatility_breakout,21460,0.362309,0.656392,0.983526,1.447168,2.721672,1.180068
volatility_breakout,21534,0.362098,0.657643,0.979730,1.446752,2.735035,1.180068
volatility_breakout,21608,0.360540,0.657462,0.982958,1.450496,2.747751,1.177976
volatility_breakout,21682,0.360672,0.659184,0.982975,1.457308,2.747751,1.177976
volatility_breakout,21756,0.361494,0.657785,0.979621,1.448836,2.740429,1.177976
volatility_breakout,21830,0.360852,0.659454,0.982590,1.448561,2.772869,1.177976
volatility_breakout,21904,0.355955,0.658607,0.979848,1.452748,2.786968,1.177976
volatility_breakout,21978,0.355771,0.661359,0.983656,1.454460,2.788655,1.177976
volatility_breakout,22052,0.358571,0.658258,0.985378,1.464000,2.769299,1.151638
volatility_breakout,22126,0.356956,0.660357,0.980134,1.466452,2.800471,1.154038
volatility_breakout,22200,0.359178,0.659891,0.975358,1.465570,2.805019,1.148111
volatility_breakout,22274,0.356657,0.658259,0.982965,1.464970,2.796895,1.114327
volatility_breakout,22348,0.353937,0.658302,0.984890,1.471464,2.805918,1.104073
volatility_breakout,22422,0.354859,0.655679,0.982448,1.472910,2.813337,1.122252
volatility_breakout,22496,0.354825,0.655679,0.980027,1.471979,2.807307,1.122252
volatility_breakout,22570,0.350305,0.652787,0.981504,1.472114,2.801846,1.122252
volatility_breakout,22644,0.348220,0.651303,0.984735,1.472412,2.827603,1.122252
volatility_breakout,22718,0.348021,0.651484,0.983643,1.482904,2.831029,1.117084
volatility_breakout,22792,0.347077,0.650798,0.979948,1.486578,2.850564,1.146609
volatility_breakout,22866,0.347061,0.648448,0.981288,1.494832,2.842124,1.161230
volatility_breakout,22940,0.347083,0.647656,0.982229,1.487417,2.859230,1.208645
volatility_breakout,23014,0.347056,0.647875,0.983227,1.493196,2.859765,1.349888
volatility_breakout,23088,0.347161,0.649473,0.982514,1.498283,2.842253,1.356567
volatility_breakout,23162,0.345879,0.650303,0.981450,1.501111,2.844101,1.390387
volatility_breakout,23236,0.345230,0.648769,0.979824,1.498981,2.837437,1.463009
volatility_breakout,23310,0.343803,0.647802,0.982158,1.505869,2.859171,1.445981
volatility_breakout,23384,0.341834,0.648132,0.979824,1.502646,2.860072,1.399344
volatility_breakout,23458,0.343748,0.649608,0.980083,1.500741,2.873824,1.411593
volatility_breakout,23532,0.346214,0.650825,0.981001,1.505121,2.867593,1.369653
volatility_breakout,23606,0.342810,0.647935,0.983469,1.504978,2.881984,1.411293
volatility_breakout,23680,0.337474,0.647529,0.984649,1.503292,2.883563,1.285144
volatility_breakout,23754,0.339320,0.645981,0.981507,1.500122,2.907230,1.293478
volatility_breakout,23828,0.337757,0.645414,0.980262,1.504236,2.911763,1.293478
volatility_breakout,23902,0.337836,0.644937,0.980724,1.498500,2.939783,1.293478
volatility_breakout,23976,0.335253,0.641428,0.980165,1.502538,2.960781,1.293478
volatility_breakout,24050,0.335684,0.641348,0.981467,1.507374,2.976070,1.293478
volatility_breakout,24124,0.332858,0.642348,0.981415,1.512360,2.975560,1.293478
volatility_breakout,24198,0.332714,0.642021,0.981582,1.510261,2.969689,1.324671
volatility_breakout,24272,0.333836,0.641438,0.981614,1.507936,2.977177,1.344039
volatility_breakout,24346,0.333809,0.639089,0.982053,1.511136,2.990160,1.344039
volatility_breakout,24420,0.331048,0.641963,0.981703,1.510361,2.999604,1.362901
volatility_breakout,24494,0.330930,0.637119,0.981447,1.508805,3.004489,1.389062
volatility_breakout,24568,0.332117,0.637339,0.980759,1.509806,3.004489,1.452525
volatility_breakout,24642,0.331048,0.634293,0.975832,1.512262,2.997251,1.420937
volatility_breakout,24716,0.327855,0.632829,0.977883,1.515154,2.998062,1.470661
volatility_breakout,24790,0.329899,0.633033,0.976598,1.513884,3.009702,1.390654
volatility_breakout,24864,0.331588,0.629477,0.978548,1.510486,3.022844,1.471981
volatility_breakout,24938,0.330090,0.631258,0.975143,1.525560,3.034545,1.462741
volatility_breakout,25012,0.326882,0.631645,0.975302,1.524521,3.058297,1.477425
volatility_breakout,25086,0.324759,0.630235,0.974275,1.524439,3.101275,1.450899
volatility_breakout,25160,0.323640,0.632880,0.978403,1.524447,3.124593,1.452292
volatility_breakout,25234,0.321546,0.632324,0.978352,1.528039,3.126292,1.454011
volatility_breakout,25308,0.320466,0.630913,0.979593,1.535686,3.120317,1.454011
volatility_breakout,25382,0.319411,0.628669,0.983418,1.535825,3.114731,1.454011
volatility_breakout,25456,0.319553,0.628637,0.982299,1.534930,3.101954,1.454011
volatility_breakout,25530,0.318164,0.627819,0.978378,1.536243,3.107772,1.398204
volatility_breakout,25604,0.318283,0.629436,0.978909,1.535486,3.094848,1.403774
volatility_breakout,25678,0.319221,0.627144,0.984475,1.534791,3.113787,1.440108
volatility_breakout,25752,0.319570,0.625776,0.980996,1.537824,3.104348,1.399015
volatility_breakout,25826,0.319785,0.622967,0.976563,1.539976,3.153185,1.316248
volatility_breakout,25900,0.319777,0.623551,0.981170,1.537748,3.157147,1.378069
volatility_breakout,25974,0.317516,0.623917,0.981256,1.548182,3.154220,1.373161
volatility_breakout,26048,0.315048,0.622643,0.984657,1.548180,3.145921,1.373161
volatility_breakout,26122,0.312769,0.623763,0.981073,1.554263,3.169928,1.373161
volatility_breakout,26196,0.313256,0.620450,0.982148,1.548469,3.196567,1.373161
volatility_breakout,26270,0.315325,0.621457,0.979719,1.554010,3.177689,1.373161
volatility_breakout,26344,0.314757,0.620149,0.985971,1.548784,3.176546,1.373161
volatility_breakout,26418,0.311944,0.621522,0.983936,1.550232,3.195775,1.373161
volatility_breakout,26492,0.313405,0.625127,0.984186,1.550953,3.206067,1.383737
volatility_breakout,26566,0.311585,0.621031,0.983936,1.553819,3.214935,1.383737
volatility_breakout,26640,0.309500,0.619259,0.984286,1.558041,3.214875,1.376366
volatility_breakout,26714,0.308260,0.617984,0.982523,1.560584,3.214941,1.391606
volatility_breakout,26788,0.307233,0.617502,0.982034,1.559804,3.222174,1.382892
volatility_breakout,26862,0.308535,0.617890,0.983112,1.558406,3.242652,1.247689
volatility_breakout,26936,0.309512,0.613340,0.983276,1.556339,3.242374,1.240272
volatility_breakout,27010,0.307912,0.616127,0.983478,1.559030,3.232784,1.238324
volatility_breakout,27084,0.306127,0.614492,0.981659,1.560477,3.232316,1.203962
volatility_breakout,27158,0.308329,0.615034,0.983418,1.561500,3.275868,1.233639
volatility_breakout,27232,0.309414,0.614843,0.983113,1.566167,3.262403,1.130266
volatility_breakout,27306,0.309616,0.611630,0.980838,1.570914,3.259944,1.113349
volatility_breakout,27380,0.305935,0.607927,0.984519,1.570577,3.301069,1.136080
volatility_breakout,27454,0.306268,0.609278,0.984350,1.560108,3.326237,1.118072
volatility_breakout,27528,0.303974,0.612109,0.984541,1.561426,3.327806,1.087973
volatility_breakout,27602,0.304648,0.610446,0.984919,1.565041,3.328186,1.062110
volatility_breakout,27676,0.304431,0.611885,0.982040,1.562594,3.338596,1.049916
volatility_breakout,27750,0.306364,0.610948,0.981268,1.568928,3.351819,1.102363
volatility_breakout,27824,0.306462,0.613646,0.982287,1.569024,3.345449,1.102562
volatility_breakout,27898,0.305394,0.611870,0.981956,1.579215,3.351513,1.138091
volatility_breakout,27972,0.305428,0.608684,0.983091,1.583209,3.400647,1.092308
volatility_breakout,28046,0.302547,0.608157,0.980128,1.581463,3.373430,1.065068
volatility_breakout,28120,0.304342,0.608011,0.984067,1.578292,3.393802,1.090008
volatility_breakout,28194,0.303937,0.606289,0.982873,1.578811,3.404211,1.090008
volatility_breakout,28268,0.301098,0.607429,0.979070,1.581178,3.407579,1.090008
volatility_breakout,28342,0.302260,0.603750,0.974709,1.575942,3.406907,1.090008
volatility_breakout,28416,0.303942,0.603676,0.971879,1.581484,3.406890,1.090008
volatility_breakout,28490,0.304296,0.606865,0.974160,1.577228,3.399810,1.090008
volatility_breakout,28564,0.303446,0.604928,0.974274,1.584399,3.384938,1.086087
volatility_breakout,28638,0.301703,0.601534,0.974549,1.585807,3.391410,1.086087
volatility_breakout,28712,0.300806,0.600980,0.973576,1.591500,3.412037,1.074866
volatility_breakout,28786,0.301376,0.605258,0.973263,1.590902,3.416688,1.075786
volatility_breakout,28860,0.301219,0.603442,0.973455,1.588618,3.437697,1.076450
volatility_breakout,28934,0.301334,0.601388,0.972241,1.587573,3.416824,1.076450
volatility_breakout,29008,0.301937,0.601213,0.971795,1.591944,3.432741,1.076450
volatility_breakout,29082,0.299888,0.599404,0.971378,1.591871,3.437266,1.076450
volatility_breakout,29156,0.300663,0.601213,0.968317,1.592958,3.426851,1.076450
volatility_breakout,29230,0.301701,0.601001,0.969401,1.589080,3.412376,1.076450
volatility_breakout,29304,0.300037,0.601646,0.969527,1.594547,3.418951,1.076450
volatility_breakout,29378,0.299666,0.599453,0.968111,1.593062,3.446827,1.076450
volatility_breakout,29452,0.299380,0.598326,0.968597,1.596565,3.470214,1.071969
volatility_breakout,29526,0.298165,0.596947,0.970174,1.596784,3.472904,1.084360
volatility_breakout,29600,0.298873,0.596922,0.970201,1.596565,3.502555,1.084360
volatility_breakout,29674,0.297648,0.597067,0.965243,1.594285,3.513662,1.084360
volatility_breakout,29748,0.295080,0.594861,0.965409,1.596758,3.518099,1.084360
volatility_breakout,29822,0.294173,0.594710,0.961573,1.599912,3.511661,1.084360
volatility_breakout,29896,0.292052,0.593231,0.960635,1.601550,3.493791,1.084360
volatility_breakout,29970,0.291753,0.595320,0.960274,1.599013,3.541910,1.084360
volatility_breakout,30044,0.290557,0.594302,0.960316,1.600128,3.519523,1.084360
volatility_breakout,30118,0.290649,0.593010,0.961015,1.609671,3.553210,1.084360
volatility_breakout,30192,0.289289,0.592360,0.961482,1.609212,3.565590,1.084360
volatility_breakout,30266,0.289469,0.592720,0.959740,1.617373,3.560358,1.084360
volatility_breakout,30340,0.286893,0.591378,0.957686,1.616480,3.553320,1.084360
volatility_breakout,30414,0.287293,0.592247,0.958392,1.613360,3.574948,1.084360
volatility_breakout,30488,0.286889,0.592966,0.957993,1.613000,3.616658,1.084360
volatility_breakout,30562,0.285383,0.591297,0.958659,1.614769,3.602066,1.094479
volatility_breakout,30636,0.286403,0.592616,0.959642,1.612685,3.621271,1.084190
volatility_breakout,30710,0.286031,0.592609,0.958876,1.610997,3.623735,1.084190
volatility_breakout,30784,0.284494,0.591676,0.958701,1.618841,3.623608,1.084190
volatility_breakout,30858,0.284503,0.590678,0.964043,1.613750,3.662348,1.084190
volatility_breakout,30932,0.282456,0.590812,0.964536,1.617385,3.670440,1.084190
volatility_breakout,31006,0.284074,0.590809,0.967699,1.625767,3.699723,1.092090
volatility_breakout,31080,0.283347,0.592744,0.967075,1.625176,3.706937,1.092090
volatility_breakout,31154,0.282936,0.593685,0.963284,1.621542,3.711500,1.102319
volatility_breakout,31228,0.280063,0.592474,0.962721,1.623588,3.705041,1.102319
volatility_breakout,31302,0.280063,0.590162,0.965856,1.630135,3.681724,1.102319
volatility_breakout,31376,0.279385,0.590763,0.965197,1.626042,3.695721,1.102319
volatility_breakout,31450,0.277253,0.590162,0.965651,1.625162,3.659194,1.097676
volatility_breakout,31524,0.278487,0.587042,0.963191,1.626544,3.697957,1.089264
volatility_breakout,31598,0.276139,0.586782,0.963833,1.623678,3.699120,1.082551
volatility_breakout,31672,0.278156,0.586466,0.964373,1.622794,3.730069,1.082551
volatility_breakout,31746,0.274188,0.582389,0.963833,1.629215,3.724072,1.082551
volatility_breakout,31820,0.273395,0.583158,0.961650,1.637871,3.734845,1.080332
volatility_breakout,31894,0.271530,0.583152,0.964805,1.646081,3.738053,1.080332
volatility_breakout,31968,0.268565,0.581838,0.963640,1.636124,3.751138,1.084405
volatility_breakout,32042,0.269385,0.581215,0.964052,1.640798,3.739986,1.084405
volatility_breakout,32116,0.268395,0.579983,0.962161,1.644499,3.727952,1.084405
volatility_breakout,32190,0.266898,0.580420,0.961178,1.645436,3.740467,1.081285
volatility_breakout,32264,0.266395,0.581216,0.960836,1.644567,3.779186,1.081285
volatility_breakout,32338,0.265696,0.580360,0.962895,1.640784,3.737278,1.073851
